run_id,block,model,scenario,version,training_version,preprocessing_version,selected_candidate,n,positive_windows,negative_windows,weighted_n,weighted_positive_windows,weighted_prevalence,kish_weight_diagnostic,average_precision,roc_auc,brier,retrospective_recall_at_5percent,retrospective_selected_weight,classification_metrics_status,calibration_intercept,calibration_joint_intercept,calibration_slope,calibration_status,calibration_sparse_class,calibration_hessian_condition
models_20260921T093617432022Z,2016_2017,LR,A_model_A_inputs,A,A,A,3,1060,50,1010,12127.081999999997,50.0,0.004123003373771202,849.5585990058455,0.008781774918193446,0.7133336512909353,0.004104015801424742,0.12,606.3540999999998,estimated,0.7684552816368757,-1.2590975769220076,0.6575513953906116,estimated,False,1792.2353494617428
models_20260921T093617432022Z,2016_2017,LR,A_model_B_inputs,B,A,A,3,1060,50,1010,12127.081999999997,50.0,0.004123003373771202,849.5585990058455,0.00869251863406172,0.7130737971307994,0.004104083536346747,0.12,606.3540999999998,estimated,0.766289837169607,-1.282885577991008,0.6537951236963063,estimated,False,1779.466817177087
models_20260921T093617432022Z,2016_2017,LGBM,A_model_A_inputs,A,A,A,0,1060,50,1010,12127.081999999997,50.0,0.004123003373771202,849.5585990058455,0.25078279715269813,0.9696710778315494,0.0037641711247078553,0.74,606.3541,estimated,0.9272130186489845,-0.8533508745178705,0.5096422398516758,estimated,False,121.36354215502928
models_20260921T093617432022Z,2016_2017,LGBM,A_model_B_inputs,B,A,A,0,1060,50,1010,12127.081999999997,50.0,0.004123003373771202,849.5585990058455,0.20293004967467815,0.967844712820531,0.004531276209826924,0.72,606.3540999999999,estimated,0.31084259980285717,-1.2474997447586627,0.46285346236238917,estimated,False,107.96610622147779
models_20260921T093617432022Z,2018_2019,LR,A_model_A_inputs,A,A,A,3,944,28,916,11469.241999999995,28.0,0.002441312163436783,799.3193288498453,0.00960638567537839,0.8127340545720493,0.002431183254229126,0.25,573.4620999999997,estimated,-0.27629536437895796,-0.24347899721018748,1.0064500584895635,estimated,False,797.2104292367615
models_20260921T093617432022Z,2018_2019,LR,A_model_B_inputs,B,A,A,3,944,28,916,11469.241999999995,28.0,0.002441312163436783,799.3193288498453,0.009591334688670362,0.8127950681777898,0.002431184912725746,0.25,573.4620999999997,estimated,-0.2803194356469826,-0.22764983809130512,1.0103566128212416,estimated,False,800.2916802338575
models_20260921T093617432022Z,2018_2019,LGBM,A_model_A_inputs,A,A,A,0,944,28,916,11469.241999999995,28.0,0.002441312163436783,799.3193288498453,0.19127254156990323,0.9602909307024039,0.0038189696166437636,0.7857142857142857,573.4620999999997,estimated,-2.266547777335156,-2.803691307887145,0.4211640898014864,estimated,False,67.96048976718797
models_20260921T093617432022Z,2018_2019,LGBM,A_model_B_inputs,B,A,A,0,944,28,916,11469.241999999995,28.0,0.002441312163436783,799.3193288498453,0.19844949551265145,0.9626514636385508,0.0038267938463732863,0.8214285714285714,573.4620999999997,estimated,-2.2843226263065732,-2.78565399589399,0.4271512050430456,estimated,False,65.7695296290471
models_20260921T093617432022Z,2020_2021,LR,A_model_A_inputs,A,A,A,3,843,44,799,11368.241999999997,44.0,0.0038704313296638137,785.7856988783977,0.018514948964802883,0.8210958683311285,0.003837877472101314,0.36363636363636365,568.4121,estimated,0.2536237050605668,0.4390535004800371,1.035959979008218,estimated,False,820.9943189764838
models_20260921T093617432022Z,2020_2021,LR,A_model_B_inputs,B,A,A,3,843,44,799,11368.241999999997,44.0,0.0038704313296638137,785.7856988783977,0.01833248078023434,0.8209790955143373,0.0038379571469587936,0.36363636363636365,568.4121,estimated,0.2548557850396795,0.43331982346692705,1.0346104028405043,estimated,False,815.6606716786046
models_20260921T093617432022Z,2020_2021,LGBM,A_model_A_inputs,A,A,A,0,843,44,799,11368.241999999997,44.0,0.0038704313296638137,785.7856988783977,0.11007813512816704,0.928824628053372,0.006655270921557738,0.6818181818181818,568.4121,estimated,-1.559544721562881,-2.4482916511017354,0.429530384084444,estimated,False,68.66494572289162
models_20260921T093617432022Z,2020_2021,LGBM,A_model_B_inputs,B,A,A,0,843,44,799,11368.241999999997,44.0,0.0038704313296638137,785.7856988783977,0.11371455277545175,0.9298604389029875,0.006633343648121416,0.6818181818181818,568.4121,estimated,-1.572837502422962,-2.438464490296241,0.43331476029837146,estimated,False,66.36450040322173
