block,model,version,n,positive_windows,negative_windows,weighted_n,weighted_positive_windows,weighted_prevalence,kish_weight_diagnostic,average_precision,roc_auc,brier,retrospective_recall_at_5percent,retrospective_selected_weight,classification_metrics_status,calibration_intercept,calibration_joint_intercept,calibration_slope,calibration_status,calibration_sparse_class,selected_candidate,selected_parameters,calibration_hessian_condition
2016_2017,PREVALENCE,shared,1060,50,1010,12127.081999999997,50.0,0.004123003373771202,849.5585990058455,0.0041230033737711565,0.5,0.00411132992621111,0.05,606.3541,estimated,0.8226713416490894,,,joint_slope_not_identified_constant_prediction,False,,,
2016_2017,LR,A,1060,50,1010,12127.081999999997,50.0,0.004123003373771202,849.5585990058455,0.008781774918193446,0.7133336512909353,0.004104015801424742,0.12,606.3540999999998,estimated,0.7684552816368757,-1.2590975769220076,0.6575513953906116,estimated,False,3.0,"{""C"": 10.0}",1792.2353494617428
2016_2017,LGBM,A,1060,50,1010,12127.081999999997,50.0,0.004123003373771202,849.5585990058455,0.25078279715269813,0.9696710778315494,0.0037641711247078553,0.74,606.3541,estimated,0.9272130186489845,-0.8533508745178705,0.5096422398516758,estimated,False,0.0,"{""num_leaves"": 7, ""min_child_samples"": 30}",121.36354215502928
2016_2017,LR,B,1060,50,1010,12127.081999999997,50.0,0.004123003373771202,849.5585990058455,0.008644029819950518,0.7126642909272315,0.004104095426303016,0.12,606.3540999999998,estimated,0.7669348730259774,-1.2826023900584103,0.6538797890799707,estimated,False,3.0,"{""C"": 10.0}",1790.9637546979418
2016_2017,LGBM,B,1060,50,1010,12127.081999999997,50.0,0.004123003373771202,849.5585990058455,0.2787994457834638,0.9733569185006778,0.0039386751013050555,0.86,606.3540999999999,estimated,0.2997157284898337,-0.9467446083493464,0.5435252802083984,estimated,False,1.0,"{""num_leaves"": 7, ""min_child_samples"": 60}",75.53328485865336
2018_2019,PREVALENCE,shared,944,28,916,11469.241999999995,28.0,0.002441312163436783,799.3193288498453,0.0024413121634367565,0.5,0.0024354779594930437,0.049999999999999996,573.4621,estimated,-0.13600860087924171,,,joint_slope_not_identified_constant_prediction,False,,,
2018_2019,LR,A,944,28,916,11469.241999999995,28.0,0.002441312163436783,799.3193288498453,0.00960638567537839,0.8127340545720493,0.002431183254229126,0.25,573.4620999999997,estimated,-0.27629536437895796,-0.24347899721018748,1.0064500584895635,estimated,False,3.0,"{""C"": 10.0}",797.2104292367615
2018_2019,LGBM,A,944,28,916,11469.241999999995,28.0,0.002441312163436783,799.3193288498453,0.19127254156990323,0.9602909307024039,0.0038189696166437636,0.7857142857142857,573.4620999999997,estimated,-2.266547777335156,-2.803691307887145,0.4211640898014864,estimated,False,0.0,"{""num_leaves"": 7, ""min_child_samples"": 30}",67.96048976718797
2018_2019,LR,B,944,28,916,11469.241999999995,28.0,0.002441312163436783,799.3193288498453,0.010680353925291451,0.8124553760359752,0.002430555124665624,0.25,573.4620999999997,estimated,-0.273265043531881,-0.14635343819342264,1.0248990128367792,estimated,False,3.0,"{""C"": 10.0}",824.6477100893616
2018_2019,LGBM,B,944,28,916,11469.241999999995,28.0,0.002441312163436783,799.3193288498453,0.2174650540147658,0.9498813527911949,0.0033868918326042893,0.75,573.4620999999999,estimated,-1.3733809227079365,-1.9564250643003234,0.4302953150432618,estimated,False,2.0,"{""num_leaves"": 15, ""min_child_samples"": 30}",83.0641480478462
2020_2021,PREVALENCE,shared,843,44,799,11368.241999999997,44.0,0.0038704313296638137,785.7856988783977,0.003870431329663773,0.5,0.003856848239844879,0.05,568.4121,estimated,0.36559789194606024,,,joint_slope_not_identified_constant_prediction,False,,,
2020_2021,LR,A,843,44,799,11368.241999999997,44.0,0.0038704313296638137,785.7856988783977,0.018514948964802883,0.8210958683311285,0.003837877472101314,0.36363636363636365,568.4121,estimated,0.2536237050605668,0.4390535004800371,1.035959979008218,estimated,False,3.0,"{""C"": 10.0}",820.9943189764838
2020_2021,LGBM,A,843,44,799,11368.241999999997,44.0,0.0038704313296638137,785.7856988783977,0.11007813512816704,0.928824628053372,0.006655270921557738,0.6818181818181818,568.4121,estimated,-1.559544721562881,-2.4482916511017354,0.429530384084444,estimated,False,0.0,"{""num_leaves"": 7, ""min_child_samples"": 30}",68.66494572289162
2020_2021,LR,B,843,44,799,11368.241999999997,44.0,0.0038704313296638137,785.7856988783977,0.0183199747991664,0.821008288718535,0.0038379731018919837,0.36363636363636365,568.4121,estimated,0.2594856067209769,0.4521498007544851,1.0373159164969166,estimated,False,3.0,"{""C"": 10.0}",823.1732228794513
2020_2021,LGBM,B,843,44,799,11368.241999999997,44.0,0.0038704313296638137,785.7856988783977,0.07109919182811827,0.9212845689001452,0.006880820369943366,0.5681818181818182,568.4121,estimated,-2.2551662494384606,-2.927053970581208,0.34569119620043254,estimated,False,0.0,"{""num_leaves"": 7, ""min_child_samples"": 30}",86.10684834830897
