experiment,block,model,train_version,score_version,scenario,feature_set,analysis_status,n,positive_windows,negative_windows,weighted_n,weighted_positive_windows,weighted_prevalence,kish_weight_diagnostic,average_precision,roc_auc,brier,retrospective_recall_at_5percent,retrospective_selected_weight,classification_metrics_status,calibration_intercept,calibration_joint_intercept,calibration_slope,calibration_status,calibration_sparse_class,calibration_hessian_condition
full_train_full_test,2016_2017,LR,A,A,A_model_A_inputs,full,post_hoc_revision,1063,51,1012,12157.173999999999,51.0,0.004195053883410734,851.6930783411221,0.007592728368504737,0.6977321152130224,0.004177580207397816,0.050288235294116294,607.8586999999999,estimated,0.773012881727506,1.2691162270930436,1.0825343138656986,estimated,False,4698.099614510676
full_train_full_test,2016_2017,LR,A,B,A_model_B_inputs,full,post_hoc_revision,1063,51,1012,12157.173999999999,51.0,0.004195053883410734,851.6930783411221,0.007593132319789364,0.697642885098362,0.004177602949077881,0.050288235294116294,607.8586999999999,estimated,0.7717854634858033,1.2348824612072995,1.0770498912291786,estimated,False,4663.695780608763
full_train_full_test,2016_2017,LR,B,A,B_model_A_inputs,full,post_hoc_revision,1063,51,1012,12157.173999999999,51.0,0.004195053883410734,851.6930783411221,0.00760104623453021,0.6979392919516897,0.004177570596403508,0.0392156862745098,607.8586999999999,estimated,0.7723864813814514,1.2550369768103347,1.0803069791070703,estimated,False,4676.146168781985
full_train_full_test,2016_2017,LR,B,B,B_model_B_inputs,full,post_hoc_revision,1063,51,1012,12157.173999999999,51.0,0.004195053883410734,851.6930783411221,0.007597203881855269,0.6977525844315854,0.004177593691989359,0.0392156862745098,607.8586999999999,estimated,0.7711383792840499,1.2204424125213948,1.0747652189851853,estimated,False,4641.398895076812
full_train_full_test,2016_2017,LGBM,A,A,A_model_A_inputs,full,post_hoc_revision,1063,51,1012,12157.173999999999,51.0,0.004195053883410734,851.6930783411221,0.2474686198347409,0.9662456690345302,0.0038190102331260695,0.7450980392156863,607.8587,estimated,0.8248440923037018,-0.8406459304762642,0.5119930552237109,estimated,False,114.70620593549636
full_train_full_test,2016_2017,LGBM,A,B,A_model_B_inputs,full,post_hoc_revision,1063,51,1012,12157.173999999999,51.0,0.004195053883410734,851.6930783411221,0.21969644741588473,0.9651140766006234,0.004325222028117666,0.7450980392156863,607.8587,estimated,0.3521591117270821,-1.1209945330836877,0.47912671234551707,estimated,False,105.13275155280942
full_train_full_test,2016_2017,LGBM,B,A,B_model_A_inputs,full,post_hoc_revision,1063,51,1012,12157.173999999999,51.0,0.004195053883410734,851.6930783411221,0.21229010249037067,0.9641955532156491,0.004209370690849042,0.7843137254901961,607.8587,estimated,0.6576958042843926,-1.0286237705733416,0.4728853357246802,estimated,False,120.47951277607983
full_train_full_test,2016_2017,LGBM,B,B,B_model_B_inputs,full,post_hoc_revision,1063,51,1012,12157.173999999999,51.0,0.004195053883410734,851.6930783411221,0.20175951569109857,0.962345986501129,0.00423852485200605,0.7647058823529411,607.8587,estimated,0.5059730080149863,-1.1100105193786676,0.4648654293290257,estimated,False,117.05932633834331
full_train_size_test,2016_2017,LR,A,A,A_model_A_inputs,full,post_hoc_revision,668,51,617,6560.509999999998,51.0,0.007773785879451447,466.4453296560022,0.00892475301690096,0.5633511946819547,0.007739322509375704,0.0196078431372549,328.0255000000001,estimated,1.133104050433129,-2.3224106761272845,0.41703794701809555,estimated,False,5107.5891710249625
full_train_size_test,2016_2017,LR,A,B,A_model_B_inputs,full,post_hoc_revision,668,51,617,6560.509999999998,51.0,0.007773785879451447,466.4453296560022,0.008928105807038181,0.5634388251445471,0.007739360974465837,0.0196078431372549,328.0255000000001,estimated,1.1319874762392217,-2.3499469374711515,0.4125045393826686,estimated,False,5077.378041862295
full_train_size_test,2016_2017,LR,B,A,B_model_A_inputs,full,post_hoc_revision,668,51,617,6560.509999999998,51.0,0.007773785879451447,466.4453296560022,0.008935573493628344,0.563780310442332,0.007739301716673062,0.0196078431372549,328.0255000000001,estimated,1.1323458526916865,-2.3268426505404785,0.4163316386796394,estimated,False,5085.163546028953
full_train_size_test,2016_2017,LR,B,B,B_model_B_inputs,full,post_hoc_revision,668,51,617,6560.509999999998,51.0,0.007773785879451447,466.4453296560022,0.008935568073990468,0.5638211134894334,0.007739340766692887,0.0196078431372549,328.0255000000001,estimated,1.1312101497476876,-2.3545544567764676,0.4117693738473424,estimated,False,5054.722495309348
full_train_size_test,2016_2017,LGBM,A,A,A_model_A_inputs,full,post_hoc_revision,668,51,617,6560.509999999998,51.0,0.007773785879451447,466.4453296560022,0.2479453681130179,0.9408176471582259,0.0070769441424091434,0.6470588235294118,328.0255000000001,estimated,0.8297332097612624,-0.9226024184732011,0.4738893262525545,estimated,False,107.54025841541481
full_train_size_test,2016_2017,LGBM,A,B,A_model_B_inputs,full,post_hoc_revision,668,51,617,6560.509999999998,51.0,0.007773785879451447,466.4453296560022,0.22017976454939195,0.9386693332930907,0.008014996958400196,0.6274509803921569,328.0255000000001,estimated,0.35547412200822487,-1.1861844874030445,0.4413162518506429,estimated,False,98.59458627449577
full_train_size_test,2016_2017,LGBM,B,A,B_model_A_inputs,full,post_hoc_revision,668,51,617,6560.509999999998,51.0,0.007773785879451447,466.4453296560022,0.21283179368925004,0.9398181201012662,0.00780031495279058,0.6274509803921569,328.0255000000001,estimated,0.6616955419198227,-1.0998052142740917,0.4338266202783064,estimated,False,112.08858972496232
full_train_size_test,2016_2017,LGBM,B,B,B_model_B_inputs,full,post_hoc_revision,668,51,617,6560.509999999998,51.0,0.007773785879451447,466.4453296560022,0.20231284854728004,0.9363783563601265,0.007854340058851257,0.5882352941176471,328.0255000000001,estimated,0.5091342027956988,-1.1828038341991887,0.4251924400628643,estimated,False,109.58535946605157
size_train_size_test,2016_2017,LR,A,A,A_model_A_inputs,full,post_hoc_revision,668,51,617,6560.509999999998,51.0,0.007773785879451447,466.4453296560022,0.26283738551114666,0.9563438541999232,0.00668971988948913,0.6470588235294118,328.0255000000001,estimated,0.5904081204703089,0.19953179183057737,0.8958852320351572,estimated,False,83.38904216658007
size_train_size_test,2016_2017,LR,A,B,A_model_B_inputs,full,post_hoc_revision,668,51,617,6560.509999999998,51.0,0.007773785879451447,466.4453296560022,0.2620061249296056,0.9567351790973937,0.0066798218693062085,0.6666666666666666,328.0255000000001,estimated,0.5932051052383056,0.21104423023227667,0.8987922582383634,estimated,False,85.17134234263506
size_train_size_test,2016_2017,LR,B,A,B_model_A_inputs,full,post_hoc_revision,668,51,617,6560.509999999998,51.0,0.007773785879451447,466.4453296560022,0.2595546746084186,0.9559571861392177,0.006694769745007021,0.6470588235294118,328.0255000000001,estimated,0.5886792073907237,0.19490723017630884,0.895052915702132,estimated,False,83.4089505355919
size_train_size_test,2016_2017,LR,B,B,B_model_B_inputs,full,post_hoc_revision,668,51,617,6560.509999999998,51.0,0.007773785879451447,466.4453296560022,0.2590486043449001,0.9562411628163574,0.006685654326787949,0.6470588235294118,328.0255000000001,estimated,0.5914086544594981,0.20557201282686036,0.8977592549140004,estimated,False,85.18023551296774
size_train_size_test,2016_2017,LGBM,A,A,A_model_A_inputs,full,post_hoc_revision,668,51,617,6560.509999999998,51.0,0.007773785879451447,466.4453296560022,0.32216997473154596,0.9485775818613016,0.0069749691936361905,0.6666666666666666,328.0255000000001,estimated,1.3986195885221688,-0.6646708877487811,0.49652832804296093,estimated,False,124.42939513940904
size_train_size_test,2016_2017,LGBM,A,B,A_model_B_inputs,full,post_hoc_revision,668,51,617,6560.509999999998,51.0,0.007773785879451447,466.4453296560022,0.32341660329945604,0.9454311084708313,0.006832732654580758,0.6470588235294118,328.0255,estimated,1.4035577718585412,-0.6586272628403218,0.4981584875098826,estimated,False,125.07125330164885
size_train_size_test,2016_2017,LGBM,B,A,B_model_A_inputs,full,post_hoc_revision,668,51,617,6560.509999999998,51.0,0.007773785879451447,466.4453296560022,0.30890263547674474,0.9501710815196145,0.006756279045755509,0.6862745098039216,328.0255000000001,estimated,1.0884116490549047,-0.6816373215154824,0.5020410323159583,estimated,False,103.54403854119538
size_train_size_test,2016_2017,LGBM,B,B,B_model_B_inputs,full,post_hoc_revision,668,51,617,6560.509999999998,51.0,0.007773785879451447,466.4453296560022,0.3191678314600069,0.9479263777602491,0.006714090576323532,0.6666666666666666,328.0255000000001,estimated,1.1046649774746458,-0.681052442673622,0.5011599625217729,estimated,False,105.15826674942709
full_train_full_test,2018_2019,LR,A,A,A_model_A_inputs,full,post_hoc_revision,946,28,918,11498.333999999995,28.0,0.002435135385700225,801.3189519104433,0.009826650687053922,0.8129494373423296,0.0024212424343586377,0.2857142857142857,574.9166999999998,estimated,-0.23138682737065128,2.125085089950058,1.4458762519952235,estimated,False,1732.0499422507617
full_train_full_test,2018_2019,LR,A,B,A_model_B_inputs,full,post_hoc_revision,946,28,918,11498.333999999995,28.0,0.002435135385700225,801.3189519104433,0.009809008319449664,0.8131133321837029,0.0024212435699779386,0.2857142857142857,574.9166999999998,estimated,-0.23504716368898226,2.1535140858518034,1.4521576010467492,estimated,False,1741.1883888559144
full_train_full_test,2018_2019,LR,B,A,B_model_A_inputs,full,post_hoc_revision,946,28,918,11498.333999999995,28.0,0.002435135385700225,801.3189519104433,0.009826997952377467,0.8134711309564824,0.0024212108306658846,0.2857142857142857,574.9166999999998,estimated,-0.22783164608142956,2.169562436934652,1.45334209143036,estimated,False,1749.657737436687
full_train_full_test,2018_2019,LR,B,B,B_model_B_inputs,full,post_hoc_revision,946,28,918,11498.333999999995,28.0,0.002435135385700225,801.3189519104433,0.009814541149384697,0.8137318345369411,0.0024212122801681884,0.2857142857142857,574.9166999999998,estimated,-0.23147312674350926,2.197712439030895,1.4595625529954086,estimated,False,1758.8620737036053
full_train_full_test,2018_2019,LGBM,A,A,A_model_A_inputs,full,post_hoc_revision,946,28,918,11498.333999999995,28.0,0.002435135385700225,801.3189519104433,0.23311717020159392,0.9556901930044689,0.0035045288803010432,0.75,574.9166999999999,estimated,-1.4790611033520156,-2.0911445518731946,0.5349910578804026,estimated,False,48.0177318637429
full_train_full_test,2018_2019,LGBM,A,B,A_model_B_inputs,full,post_hoc_revision,946,28,918,11498.333999999995,28.0,0.002435135385700225,801.3189519104433,0.24055873011686624,0.9579541574689238,0.0034690195007707598,0.7857142857142857,574.9166999999999,estimated,-1.4778339320417397,-2.0546096832444225,0.5465362791004265,estimated,False,44.855949259502836
full_train_full_test,2018_2019,LGBM,B,A,B_model_A_inputs,full,post_hoc_revision,946,28,918,11498.333999999995,28.0,0.002435135385700225,801.3189519104433,0.2515299112730372,0.9436994722958502,0.0034440315007284597,0.7857142857142857,574.9166999999999,estimated,-1.408886051762238,-2.0105603842806987,0.5316900246784431,estimated,False,53.32945220615225
full_train_full_test,2018_2019,LGBM,B,B,B_model_B_inputs,full,post_hoc_revision,946,28,918,11498.333999999995,28.0,0.002435135385700225,801.3189519104433,0.26157320713935345,0.9450137446489606,0.003385019019346088,0.8214285714285714,574.9166999999998,estimated,-1.4159168459339289,-1.9723704656612728,0.5438175469757444,estimated,False,49.439996391155304
full_train_size_test,2018_2019,LR,A,A,A_model_A_inputs,full,post_hoc_revision,592,28,564,6443.871999999999,28.0,0.004345213561039078,453.4854441930202,0.01170465602771538,0.7206522355807612,0.004316059767855964,0.10714285714285714,322.19360000000006,estimated,0.04471111429887319,0.6371533063648729,1.1139634128959603,estimated,False,1915.6105891435147
full_train_size_test,2018_2019,LR,A,B,A_model_B_inputs,full,post_hoc_revision,592,28,564,6443.871999999999,28.0,0.004345213561039078,453.4854441930202,0.011682663338345368,0.7214310741503942,0.004316004565970256,0.10714285714285714,322.19360000000006,estimated,0.04305433960687546,0.6603542003602036,1.1187961438366538,estimated,False,1919.7733480124118
full_train_size_test,2018_2019,LR,B,A,B_model_A_inputs,full,post_hoc_revision,592,28,564,6443.871999999999,28.0,0.004345213561039078,453.4854441930202,0.011680122721725908,0.720283818896994,0.0043160815070457355,0.10714285714285714,322.19360000000006,estimated,0.04778543853999414,0.6642224128354958,1.1185105376018345,estimated,False,1931.0669788163912
full_train_size_test,2018_2019,LR,B,B,B_model_B_inputs,full,post_hoc_revision,592,28,564,6443.871999999999,28.0,0.004345213561039078,453.4854441930202,0.011663603858310227,0.7212357327043233,0.004316027092467876,0.10714285714285714,322.19360000000006,estimated,0.04615741076130465,0.6870041693459253,1.123255104640935,estimated,False,1935.2631138967292
full_train_size_test,2018_2019,LGBM,A,A,A_model_A_inputs,full,post_hoc_revision,592,28,564,6443.871999999999,28.0,0.004345213561039078,453.4854441930202,0.2331629718637013,0.9245351661807293,0.006253418477380299,0.6071428571428571,322.1936000000001,estimated,-1.477270433744373,-2.106921474224507,0.509898285333477,estimated,False,44.765701520257686
full_train_size_test,2018_2019,LGBM,A,B,A_model_B_inputs,full,post_hoc_revision,592,28,564,6443.871999999999,28.0,0.004345213561039078,453.4854441930202,0.24060314679227968,0.9285017242061122,0.006190056179747767,0.6428571428571429,322.1936000000001,estimated,-1.4760564549071284,-2.0684050297231344,0.5225446780099519,estimated,False,41.768632398976784
full_train_size_test,2018_2019,LGBM,B,A,B_model_A_inputs,full,post_hoc_revision,592,28,564,6443.871999999999,28.0,0.004345213561039078,453.4854441930202,0.25164523494016616,0.9139704737607879,0.006145464931634044,0.6428571428571429,322.19360000000006,estimated,-1.4065466324065061,-2.0260968179416743,0.5036007930037995,estimated,False,49.59301502941532
full_train_size_test,2018_2019,LGBM,B,B,B_model_B_inputs,full,post_hoc_revision,592,28,564,6443.871999999999,28.0,0.004345213561039078,453.4854441930202,0.2616871350452926,0.916482079799241,0.0060401640274341415,0.6785714285714286,322.19360000000006,estimated,-1.413582360003488,-1.9854025908379052,0.5168214210849837,estimated,False,45.90716879000731
size_train_size_test,2018_2019,LR,A,A,A_model_A_inputs,full,post_hoc_revision,592,28,564,6443.871999999999,28.0,0.004345213561039078,453.4854441930202,0.21481320571931128,0.938053749469174,0.004286523518745627,0.75,322.19360000000006,estimated,-0.6744842791582657,-1.0473255646209283,0.8532468445814111,estimated,False,35.3845905335234
size_train_size_test,2018_2019,LR,A,B,A_model_B_inputs,full,post_hoc_revision,592,28,564,6443.871999999999,28.0,0.004345213561039078,453.4854441930202,0.2264600136615153,0.9442348711801877,0.004176120036888725,0.75,322.1936000000001,estimated,-0.6391360093359295,-0.9664558636018271,0.8735309638954185,estimated,False,35.35007832013344
size_train_size_test,2018_2019,LR,B,A,B_model_A_inputs,full,post_hoc_revision,592,28,564,6443.871999999999,28.0,0.004345213561039078,453.4854441930202,0.21963245348055335,0.9375846227249283,0.004216644927407181,0.75,322.19360000000006,estimated,-0.6663104409821349,-1.0202287194271231,0.8615065149531965,estimated,False,35.269986530315684
size_train_size_test,2018_2019,LR,B,B,B_model_B_inputs,full,post_hoc_revision,592,28,564,6443.871999999999,28.0,0.004345213561039078,453.4854441930202,0.22770324023960284,0.943944386225732,0.004109911283715594,0.75,322.1936000000001,estimated,-0.6307716520658022,-0.9372526023869956,0.8822821329521573,estimated,False,35.28845300047106
size_train_size_test,2018_2019,LGBM,A,A,A_model_A_inputs,full,post_hoc_revision,592,28,564,6443.871999999999,28.0,0.004345213561039078,453.4854441930202,0.31975864552985445,0.9484185581365357,0.0052809901481972975,0.6785714285714286,322.19360000000006,estimated,-1.1439801967334398,-1.7002332362692822,0.6061794887045329,estimated,False,30.30410333158415
size_train_size_test,2018_2019,LGBM,A,B,A_model_B_inputs,full,post_hoc_revision,592,28,564,6443.871999999999,28.0,0.004345213561039078,453.4854441930202,0.32667618873876597,0.9512242005896807,0.00508642385557225,0.7142857142857143,322.19360000000006,estimated,-1.0861314209977544,-1.6359411397485868,0.6229680920638246,estimated,False,29.117837237222663
size_train_size_test,2018_2019,LGBM,B,A,B_model_A_inputs,full,post_hoc_revision,592,28,564,6443.871999999999,28.0,0.004345213561039078,453.4854441930202,0.15710734769322948,0.9371357470971992,0.006431831797527418,0.6559142857142898,322.19360000000006,estimated,-1.515459637219746,-2.1456133181774937,0.5084702964801648,estimated,False,42.827185657565124
size_train_size_test,2018_2019,LGBM,B,B,B_model_B_inputs,full,post_hoc_revision,592,28,564,6443.871999999999,28.0,0.004345213561039078,453.4854441930202,0.15966434332588747,0.9386428131448297,0.006427298173659869,0.6785714285714286,322.1936000000001,estimated,-1.5332057653331086,-2.1396518903729413,0.513349098974068,estimated,False,41.09053063145792
full_train_full_test,2020_2021,LR,A,A,A_model_A_inputs,full,post_hoc_revision,845,44,801,11397.333999999997,44.0,0.0038605519501314967,787.7856399317628,0.018281111243199907,0.8198845378811208,0.003826248674397251,0.38636363636363635,569.8667,estimated,0.2803814597166994,2.4061994664818487,1.4005589144187114,estimated,False,1572.8725150790656
full_train_full_test,2020_2021,LR,A,B,A_model_B_inputs,full,post_hoc_revision,845,44,801,11397.333999999997,44.0,0.0038605519501314967,787.7856399317628,0.01807086905558428,0.8199718930780413,0.003826292607373879,0.3409090909090909,569.8667,estimated,0.28096403239890844,2.3875965168718656,1.3969216125811803,estimated,False,1559.7454852134078
full_train_full_test,2020_2021,LR,B,A,B_model_A_inputs,full,post_hoc_revision,845,44,801,11397.333999999997,44.0,0.0038605519501314967,787.7856399317628,0.018243081006677413,0.8200592482749615,0.0038263411430195632,0.38636363636363635,569.8667,estimated,0.2839101256264283,2.4248910033016573,1.4030829299495087,estimated,False,1585.764183343384
full_train_full_test,2020_2021,LR,B,B,B_model_B_inputs,full,post_hoc_revision,845,44,801,11397.333999999997,44.0,0.0038605519501314967,787.7856399317628,0.01800301030529161,0.8201174850729085,0.0038263803423274215,0.3409090909090909,569.8667,estimated,0.2846297581293731,2.407318008351589,1.3996125001876458,estimated,False,1572.3832761210247
full_train_full_test,2020_2021,LGBM,A,A,A_model_A_inputs,full,post_hoc_revision,845,44,801,11397.333999999997,44.0,0.0038605519501314967,787.7856399317628,0.11861105903447403,0.916931973862961,0.0070769062291371745,0.6136363636363636,569.8667,estimated,-1.9302452182999674,-2.7537198358515678,0.380377758741175,estimated,False,76.51532298934852
full_train_full_test,2020_2021,LGBM,A,B,A_model_B_inputs,full,post_hoc_revision,845,44,801,11397.333999999997,44.0,0.0038605519501314967,787.7856399317628,0.11994706000840358,0.917210053972613,0.007086521024572653,0.5909090909090909,569.8667,estimated,-1.9496122368330961,-2.7502636365710234,0.3827280881601912,estimated,False,74.46503643906284
full_train_full_test,2020_2021,LGBM,B,A,B_model_A_inputs,full,post_hoc_revision,845,44,801,11397.333999999997,44.0,0.0038605519501314967,787.7856399317628,0.10572855445092337,0.9278413644037001,0.0065208669558234796,0.6363636363636364,569.8667,estimated,-1.7329185655679664,-2.638966077236407,0.3914127034497752,estimated,False,77.36382367568145
full_train_full_test,2020_2021,LGBM,B,B,B_model_B_inputs,full,post_hoc_revision,845,44,801,11397.333999999997,44.0,0.0038605519501314967,787.7856399317628,0.10626129779979758,0.9266575191200953,0.006540138950601226,0.5681818181818182,569.8666999999999,estimated,-1.8225029413024554,-2.655171856905828,0.3926302773846992,estimated,False,73.97996390046667
full_train_size_test,2020_2021,LR,A,A,A_model_A_inputs,full,post_hoc_revision,499,44,455,6377.963999999998,44.0,0.006898753269852262,442.6698342039062,0.02026802751708525,0.751805920646793,0.006832493096537635,0.20454545454545456,318.89820000000003,estimated,0.5889971544624013,1.138688758842122,1.1052334334916776,estimated,False,1683.8889816722444
full_train_size_test,2020_2021,LR,A,B,A_model_B_inputs,full,post_hoc_revision,499,44,455,6377.963999999998,44.0,0.006898753269852262,442.6698342039062,0.020005357783959454,0.7522234675846549,0.006832549317355298,0.20454545454545456,318.89820000000003,estimated,0.5914319370927787,1.1233377462421232,1.1018305347743373,estimated,False,1663.4418326885677
full_train_size_test,2020_2021,LR,B,A,B_model_A_inputs,full,post_hoc_revision,499,44,455,6377.963999999998,44.0,0.006898753269852262,442.6698342039062,0.020227702711163253,0.7521190808501893,0.006832691561894465,0.20454545454545456,318.89820000000003,estimated,0.5931890826030977,1.1514677683580181,1.1067852898610944,estimated,False,1695.4567323937117
full_train_size_test,2020_2021,LR,B,B,B_model_B_inputs,full,post_hoc_revision,499,44,455,6377.963999999998,44.0,0.006898753269852262,442.6698342039062,0.01993168992328613,0.7524844344208186,0.006832742995248085,0.20454545454545456,318.89820000000003,estimated,0.5956766830647447,1.1369154792924192,1.1035274215269961,estimated,False,1674.9848525650968
full_train_size_test,2020_2021,LGBM,A,A,A_model_A_inputs,full,post_hoc_revision,499,44,455,6377.963999999998,44.0,0.006898753269852262,442.6698342039062,0.11885001135580188,0.857263268597388,0.01264627120580502,0.36363636363636365,318.89820000000003,estimated,-1.927203371629129,-2.7637822443723055,0.3453576832521319,estimated,False,69.74299672386432
full_train_size_test,2020_2021,LGBM,A,B,A_model_B_inputs,full,post_hoc_revision,499,44,455,6377.963999999998,44.0,0.006898753269852262,442.6698342039062,0.1202678193775035,0.85770952081078,0.012663324564484976,0.38636363636363635,318.89820000000003,estimated,-1.9457974816049755,-2.75772483306622,0.3483533424869108,estimated,False,67.83801138176408
full_train_size_test,2020_2021,LGBM,B,A,B_model_A_inputs,full,post_hoc_revision,499,44,455,6377.963999999998,44.0,0.006898753269852262,442.6698342039062,0.10585764616377165,0.8748344925576123,0.011652678611143632,0.4318181818181818,318.89820000000003,estimated,-1.7302231441520044,-2.6462701290278168,0.3589728790526974,estimated,False,69.76710412544713
full_train_size_test,2020_2021,LGBM,B,B,B_model_B_inputs,full,post_hoc_revision,499,44,455,6377.963999999998,44.0,0.006898753269852262,442.6698342039062,0.10663535634726783,0.873025665501673,0.011686906664073213,0.4318181818181818,318.89820000000003,estimated,-1.8188922740047528,-2.6601782558024003,0.360632686538872,estimated,False,66.72615760759017
size_train_size_test,2020_2021,LR,A,A,A_model_A_inputs,full,post_hoc_revision,499,44,455,6377.963999999998,44.0,0.006898753269852262,442.6698342039062,0.10571371885200559,0.8768083749478502,0.008625611725995401,0.5,318.8982,estimated,-0.5069257246574148,-1.6558466528095799,0.5930660635129016,estimated,False,72.71961944416331
size_train_size_test,2020_2021,LR,A,B,A_model_B_inputs,full,post_hoc_revision,499,44,455,6377.963999999998,44.0,0.006898753269852262,442.6698342039062,0.10022580486659613,0.8750409767808198,0.009009671825739723,0.5,318.89820000000003,estimated,-0.6497553084815602,-1.7902716300954855,0.5706438847205515,estimated,False,70.26089058125035
size_train_size_test,2020_2021,LR,B,A,B_model_A_inputs,full,post_hoc_revision,499,44,455,6377.963999999998,44.0,0.006898753269852262,442.6698342039062,0.10558212686569635,0.8761892308599399,0.008827735174369725,0.5,318.8982,estimated,-0.5574938986343352,-1.7093564993836392,0.5834737442724802,estimated,False,71.51662121915992
size_train_size_test,2020_2021,LR,B,B,B_model_B_inputs,full,post_hoc_revision,499,44,455,6377.963999999998,44.0,0.006898753269852262,442.6698342039062,0.09982522182550675,0.8744668497412598,0.009272588890558328,0.5,318.89820000000003,estimated,-0.7089294121306965,-1.8450957689475174,0.5607625331294211,estimated,False,69.03844708871777
size_train_size_test,2020_2021,LGBM,A,A,A_model_A_inputs,full,post_hoc_revision,499,44,455,6377.963999999998,44.0,0.006898753269852262,442.6698342039062,0.09686916543481938,0.8918504990785324,0.011699259469295653,0.36363636363636365,318.89820000000003,estimated,-1.3763369581104832,-2.371663515956625,0.4117116029896391,estimated,False,62.18792969224305
size_train_size_test,2020_2021,LGBM,A,B,A_model_B_inputs,full,post_hoc_revision,499,44,455,6377.963999999998,44.0,0.006898753269852262,442.6698342039062,0.09263151968161,0.888583845899518,0.013539436251119124,0.36363636363636365,318.89820000000003,estimated,-1.6942730224059184,-2.5066015646325583,0.39539362671141803,estimated,False,58.22626922783961
size_train_size_test,2020_2021,LGBM,B,A,B_model_A_inputs,full,post_hoc_revision,499,44,455,6377.963999999998,44.0,0.006898753269852262,442.6698342039062,0.07247908992762538,0.8866853148575466,0.012646491802463682,0.45454545454545453,318.89820000000003,estimated,-1.5156328886261683,-2.4669619623927024,0.38550995658625364,estimated,False,68.34470330150289
size_train_size_test,2020_2021,LGBM,B,B,B_model_B_inputs,full,post_hoc_revision,499,44,455,6377.963999999998,44.0,0.006898753269852262,442.6698342039062,0.07013418902862498,0.8830875606779295,0.013412233575213131,0.4090909090909091,318.89820000000003,estimated,-1.6519556596248632,-2.536506477775216,0.3776928678307685,estimated,False,66.72558008156604
