group,block,repeat,seed,target_row_id,selected_row_id,candidate_pool_n,origin_year,label,tuning_train,validation,refit,target_sample_weight,selected_sample_weight
changed_negative,2016_2017,0,2026092201,0000868725|0001193125-12-117369,0001490906|0001490906-12-000068,610,2012,0,False,False,True,1.0,14.546
changed_negative,2016_2017,0,2026092201,0001310497|0001002014-14-000290,0001324189|0001047469-14-001883,560,2014,0,False,False,True,14.546,1.0
changed_negative,2016_2017,1,2026092202,0000868725|0001193125-12-117369,0001438576|0001477932-12-001912,610,2012,0,False,False,True,1.0,14.546
changed_negative,2016_2017,1,2026092202,0001310497|0001002014-14-000290,0001058623|0001058623-14-000014,560,2014,0,False,False,True,14.546,1.0
changed_negative,2016_2017,2,2026092203,0000868725|0001193125-12-117369,0001310497|0001273511-12-000087,610,2012,0,False,False,True,1.0,14.546
changed_negative,2016_2017,2,2026092203,0001310497|0001002014-14-000290,0000712537|0000712537-14-000013,560,2014,0,False,False,True,14.546,14.546
changed_negative,2016_2017,3,2026092204,0000868725|0001193125-12-117369,0000004515|0001193125-12-063506,610,2012,0,False,False,True,1.0,1.0
changed_negative,2016_2017,3,2026092204,0001310497|0001002014-14-000290,0000065984|0000065984-14-000065,560,2014,0,False,False,True,14.546,1.0
changed_negative,2016_2017,4,2026092205,0000868725|0001193125-12-117369,0000074208|0000950123-12-003185,610,2012,0,False,False,True,1.0,14.546
changed_negative,2016_2017,4,2026092205,0001310497|0001002014-14-000290,0001500123|0001554795-14-000012,560,2014,0,False,False,True,14.546,14.546
changed_negative,2016_2017,5,2026092206,0000868725|0001193125-12-117369,0001022652|0001193125-12-097385,610,2012,0,False,False,True,1.0,14.546
changed_negative,2016_2017,5,2026092206,0001310497|0001002014-14-000290,0001400891|0001400891-14-000004,560,2014,0,False,False,True,14.546,1.0
changed_negative,2016_2017,6,2026092207,0000868725|0001193125-12-117369,0001109116|0001193125-12-107254,610,2012,0,False,False,True,1.0,14.546
changed_negative,2016_2017,6,2026092207,0001310497|0001002014-14-000290,0001030749|0001437749-14-002715,560,2014,0,False,False,True,14.546,1.0
changed_negative,2016_2017,7,2026092208,0000868725|0001193125-12-117369,0000908837|0001193125-12-122894,610,2012,0,False,False,True,1.0,14.546
changed_negative,2016_2017,7,2026092208,0001310497|0001002014-14-000290,0000225648|0000225648-14-000011,560,2014,0,False,False,True,14.546,14.546
changed_negative,2016_2017,8,2026092209,0000868725|0001193125-12-117369,0000945764|0000945764-12-000013,610,2012,0,False,False,True,1.0,1.0
changed_negative,2016_2017,8,2026092209,0001310497|0001002014-14-000290,0001003642|0001437749-14-002682,560,2014,0,False,False,True,14.546,14.546
changed_negative,2016_2017,9,2026092210,0000868725|0001193125-12-117369,0001073748|0001096906-12-003044,610,2012,0,False,False,True,1.0,14.546
changed_negative,2016_2017,9,2026092210,0001310497|0001002014-14-000290,0001547638|0001575956-14-000015,560,2014,0,False,False,True,14.546,1.0
changed_negative,2016_2017,10,2026092211,0000868725|0001193125-12-117369,0001489137|0001047469-12-001655,610,2012,0,False,False,True,1.0,1.0
changed_negative,2016_2017,10,2026092211,0001310497|0001002014-14-000290,0000939930|0000939930-14-000022,560,2014,0,False,False,True,14.546,1.0
changed_negative,2016_2017,11,2026092212,0000868725|0001193125-12-117369,0000922358|0000922358-12-000009,610,2012,0,False,False,True,1.0,1.0
changed_negative,2016_2017,11,2026092212,0001310497|0001002014-14-000290,0000929452|0001008886-14-000026,560,2014,0,False,False,True,14.546,14.546
changed_negative,2016_2017,12,2026092213,0000868725|0001193125-12-117369,0000032166|0001193125-12-350469,610,2012,0,False,False,True,1.0,14.546
changed_negative,2016_2017,12,2026092213,0001310497|0001002014-14-000290,0001508332|0001078782-14-000475,560,2014,0,False,False,True,14.546,14.546
changed_negative,2016_2017,13,2026092214,0000868725|0001193125-12-117369,0001030469|0001193125-12-106683,610,2012,0,False,False,True,1.0,14.546
changed_negative,2016_2017,13,2026092214,0001310497|0001002014-14-000290,0001274494|0001274494-14-000011,560,2014,0,False,False,True,14.546,14.546
changed_negative,2016_2017,14,2026092215,0000868725|0001193125-12-117369,0000065984|0000065984-12-000067,610,2012,0,False,False,True,1.0,1.0
changed_negative,2016_2017,14,2026092215,0001310497|0001002014-14-000290,0001313024|0001047469-14-003617,560,2014,0,False,False,True,14.546,1.0
changed_negative,2016_2017,15,2026092216,0000868725|0001193125-12-117369,0000834285|0000950159-12-000160,610,2012,0,False,False,True,1.0,14.546
changed_negative,2016_2017,15,2026092216,0001310497|0001002014-14-000290,0000886475|0001019056-14-000881,560,2014,0,False,False,True,14.546,14.546
changed_negative,2016_2017,16,2026092217,0000868725|0001193125-12-117369,0001159154|0001159154-12-000009,610,2012,0,False,False,True,1.0,1.0
changed_negative,2016_2017,16,2026092217,0001310497|0001002014-14-000290,0001175028|0001564590-14-001164,560,2014,0,False,False,True,14.546,14.546
changed_negative,2016_2017,17,2026092218,0000868725|0001193125-12-117369,0001024520|0001193125-12-143629,610,2012,0,False,False,True,1.0,14.546
changed_negative,2016_2017,17,2026092218,0001310497|0001002014-14-000290,0001503518|0001047469-14-004488,560,2014,0,False,False,True,14.546,1.0
changed_negative,2016_2017,18,2026092219,0000868725|0001193125-12-117369,0001313024|0001047469-12-001085,610,2012,0,False,False,True,1.0,1.0
changed_negative,2016_2017,18,2026092219,0001310497|0001002014-14-000290,0001050446|0001193125-14-048295,560,2014,0,False,False,True,14.546,14.546
changed_negative,2016_2017,19,2026092220,0000868725|0001193125-12-117369,0000076321|0001193125-12-099261,610,2012,0,False,False,True,1.0,1.0
changed_negative,2016_2017,19,2026092220,0001310497|0001002014-14-000290,0000806517|0001144204-14-012603,560,2014,0,False,False,True,14.546,14.546
other_unchanged_negative,2016_2017,0,2026092201,0000751085|0000751085-12-000010,0000013372|0001193125-12-043962,610,2012,0,False,False,True,14.546,14.546
other_unchanged_negative,2016_2017,0,2026092201,0001304464|0001445305-14-000778,0001417663|0001437749-14-005532,560,2014,0,False,False,True,14.546,14.546
other_unchanged_negative,2016_2017,0,2026092201,0001515115|0001144204-13-021924,0001497647|0001144204-13-037987,601,2013,0,False,True,True,14.546,14.546
other_unchanged_negative,2016_2017,1,2026092202,0000751085|0000751085-12-000010,0001222218|0001213900-12-001872,610,2012,0,False,False,True,14.546,14.546
other_unchanged_negative,2016_2017,1,2026092202,0001304464|0001445305-14-000778,0001125920|0001125920-14-000015,560,2014,0,False,False,True,14.546,14.546
other_unchanged_negative,2016_2017,1,2026092202,0001515115|0001144204-13-021924,0001420720|0001144204-13-053105,601,2013,0,False,True,True,14.546,14.546
other_unchanged_negative,2016_2017,2,2026092203,0000751085|0000751085-12-000010,0001065059|0001065059-12-000013,610,2012,0,False,False,True,14.546,1.0
other_unchanged_negative,2016_2017,2,2026092203,0001304464|0001445305-14-000778,0001382911|0001193125-14-097515,560,2014,0,False,False,True,14.546,1.0
other_unchanged_negative,2016_2017,2,2026092203,0001515115|0001144204-13-021924,0001412347|0001437749-13-003793,601,2013,0,False,True,True,14.546,14.546
other_unchanged_negative,2016_2017,3,2026092204,0000751085|0000751085-12-000010,0000873303|0001193125-12-112142,610,2012,0,False,False,True,14.546,14.546
other_unchanged_negative,2016_2017,3,2026092204,0001304464|0001445305-14-000778,0001281774|0001193125-14-100282,560,2014,0,False,False,True,14.546,1.0
other_unchanged_negative,2016_2017,3,2026092204,0001515115|0001144204-13-021924,0001000697|0001193125-13-076804,601,2013,0,False,True,True,14.546,14.546
other_unchanged_negative,2016_2017,4,2026092205,0000751085|0000751085-12-000010,0000065984|0000065984-12-000067,610,2012,0,False,False,True,14.546,1.0
other_unchanged_negative,2016_2017,4,2026092205,0001304464|0001445305-14-000778,0001396814|0001396814-14-000003,560,2014,0,False,False,True,14.546,14.546
other_unchanged_negative,2016_2017,4,2026092205,0001515115|0001144204-13-021924,0001324189|0001047469-13-002488,601,2013,0,False,True,True,14.546,1.0
other_unchanged_negative,2016_2017,5,2026092206,0000751085|0000751085-12-000010,0001385544|0001193125-12-107345,610,2012,0,False,False,True,14.546,1.0
other_unchanged_negative,2016_2017,5,2026092206,0001304464|0001445305-14-000778,0000805928|0001104659-14-017051,560,2014,0,False,False,True,14.546,14.546
other_unchanged_negative,2016_2017,5,2026092206,0001515115|0001144204-13-021924,0001141615|0001141615-13-000007,601,2013,0,False,True,True,14.546,14.546
other_unchanged_negative,2016_2017,6,2026092207,0000751085|0000751085-12-000010,0000785968|0000785968-12-000030,610,2012,0,False,False,True,14.546,1.0
other_unchanged_negative,2016_2017,6,2026092207,0001304464|0001445305-14-000778,0001540334|0001078782-14-000195,560,2014,0,False,False,True,14.546,14.546
other_unchanged_negative,2016_2017,6,2026092207,0001515115|0001144204-13-021924,0001462013|0001308411-13-000050,601,2013,0,False,True,True,14.546,14.546
other_unchanged_negative,2016_2017,7,2026092208,0000751085|0000751085-12-000010,0001482073|0001165527-12-000291,610,2012,0,False,False,True,14.546,14.546
other_unchanged_negative,2016_2017,7,2026092208,0001304464|0001445305-14-000778,0000875729|0000948830-14-000087,560,2014,0,False,False,True,14.546,14.546
other_unchanged_negative,2016_2017,7,2026092208,0001515115|0001144204-13-021924,0001310067|0001310067-13-000013,601,2013,0,False,True,True,14.546,1.0
other_unchanged_negative,2016_2017,8,2026092209,0000751085|0000751085-12-000010,0001463191|0001144204-12-021879,610,2012,0,False,False,True,14.546,14.546
other_unchanged_negative,2016_2017,8,2026092209,0001304464|0001445305-14-000778,0001356564|0001445866-14-000193,560,2014,0,False,False,True,14.546,14.546
other_unchanged_negative,2016_2017,8,2026092209,0001515115|0001144204-13-021924,0000942126|0001185185-13-000743,601,2013,0,False,True,True,14.546,14.546
other_unchanged_negative,2016_2017,9,2026092210,0000751085|0000751085-12-000010,0001282266|0001282266-12-000010,610,2012,0,False,False,True,14.546,1.0
other_unchanged_negative,2016_2017,9,2026092210,0001304464|0001445305-14-000778,0001058623|0001058623-14-000014,560,2014,0,False,False,True,14.546,1.0
other_unchanged_negative,2016_2017,9,2026092210,0001515115|0001144204-13-021924,0000032604|0000032604-13-000044,601,2013,0,False,True,True,14.546,14.546
other_unchanged_negative,2016_2017,10,2026092211,0000751085|0000751085-12-000010,0001134982|0001213900-12-004043,610,2012,0,False,False,True,14.546,14.546
other_unchanged_negative,2016_2017,10,2026092211,0001304464|0001445305-14-000778,0001166126|0001166126-14-000017,560,2014,0,False,False,True,14.546,1.0
other_unchanged_negative,2016_2017,10,2026092211,0001515115|0001144204-13-021924,0000936446|0001121781-13-000041,601,2013,0,False,True,True,14.546,14.546
other_unchanged_negative,2016_2017,11,2026092212,0000751085|0000751085-12-000010,0001259550|0001193125-12-117466,610,2012,0,False,False,True,14.546,14.546
other_unchanged_negative,2016_2017,11,2026092212,0001304464|0001445305-14-000778,0000842295|0000842295-14-000013,560,2014,0,False,False,True,14.546,14.546
other_unchanged_negative,2016_2017,11,2026092212,0001515115|0001144204-13-021924,0000771266|0000771266-13-000006,601,2013,0,False,True,True,14.546,14.546
other_unchanged_negative,2016_2017,12,2026092213,0000751085|0000751085-12-000010,0001403802|0001393905-12-000141,610,2012,0,False,False,True,14.546,14.546
other_unchanged_negative,2016_2017,12,2026092213,0001304464|0001445305-14-000778,0001419852|0001047469-14-003037,560,2014,0,False,False,True,14.546,1.0
other_unchanged_negative,2016_2017,12,2026092213,0001515115|0001144204-13-021924,0001393818|0001193125-13-087702,601,2013,0,False,True,True,14.546,14.546
other_unchanged_negative,2016_2017,13,2026092214,0000751085|0000751085-12-000010,0001058623|0001193125-12-110079,610,2012,0,False,False,True,14.546,1.0
other_unchanged_negative,2016_2017,13,2026092214,0001304464|0001445305-14-000778,0000023675|0000023675-14-000011,560,2014,0,False,False,True,14.546,14.546
other_unchanged_negative,2016_2017,13,2026092214,0001515115|0001144204-13-021924,0001051251|0001193125-13-117364,601,2013,0,False,True,True,14.546,1.0
other_unchanged_negative,2016_2017,14,2026092215,0000751085|0000751085-12-000010,0001405528|0001193125-12-103977,610,2012,0,False,False,True,14.546,14.546
other_unchanged_negative,2016_2017,14,2026092215,0001304464|0001445305-14-000778,0000021239|0001193125-14-326550,560,2014,0,False,False,True,14.546,14.546
other_unchanged_negative,2016_2017,14,2026092215,0001515115|0001144204-13-021924,0001503518|0001047469-13-003556,601,2013,0,False,True,True,14.546,1.0
other_unchanged_negative,2016_2017,15,2026092216,0000751085|0000751085-12-000010,0001463191|0001144204-12-021879,610,2012,0,False,False,True,14.546,14.546
other_unchanged_negative,2016_2017,15,2026092216,0001304464|0001445305-14-000778,0001527032|0001527032-14-000026,560,2014,0,False,False,True,14.546,14.546
other_unchanged_negative,2016_2017,15,2026092216,0001515115|0001144204-13-021924,0000110536|0001140361-13-017890,601,2013,0,False,True,True,14.546,14.546
other_unchanged_negative,2016_2017,16,2026092217,0000751085|0000751085-12-000010,0001514514|0001144204-12-010009,610,2012,0,False,False,True,14.546,14.546
other_unchanged_negative,2016_2017,16,2026092217,0001304464|0001445305-14-000778,0000057515|0000057515-14-000051,560,2014,0,False,False,True,14.546,14.546
other_unchanged_negative,2016_2017,16,2026092217,0001515115|0001144204-13-021924,0000320017|0000320017-13-000009,601,2013,0,False,True,True,14.546,14.546
other_unchanged_negative,2016_2017,17,2026092218,0000751085|0000751085-12-000010,0001373846|0001144204-12-018776,610,2012,0,False,False,True,14.546,14.546
other_unchanged_negative,2016_2017,17,2026092218,0001304464|0001445305-14-000778,0001038074|0001047469-14-000500,560,2014,0,False,False,True,14.546,14.546
other_unchanged_negative,2016_2017,17,2026092218,0001515115|0001144204-13-021924,0001520566|0001520566-13-000021,601,2013,0,False,True,True,14.546,14.546
other_unchanged_negative,2016_2017,18,2026092219,0000751085|0000751085-12-000010,0000812074|0001047469-12-000772,610,2012,0,False,False,True,14.546,14.546
other_unchanged_negative,2016_2017,18,2026092219,0001304464|0001445305-14-000778,0001374985|0001564590-14-001187,560,2014,0,False,False,True,14.546,14.546
other_unchanged_negative,2016_2017,18,2026092219,0001515115|0001144204-13-021924,0001024732|0001193125-13-111548,601,2013,0,False,True,True,14.546,14.546
other_unchanged_negative,2016_2017,19,2026092220,0000751085|0000751085-12-000010,0001290476|0001002105-12-000040,610,2012,0,False,False,True,14.546,14.546
other_unchanged_negative,2016_2017,19,2026092220,0001304464|0001445305-14-000778,0000719955|0001193125-14-129974,560,2014,0,False,False,True,14.546,14.546
other_unchanged_negative,2016_2017,19,2026092220,0001515115|0001144204-13-021924,0000949039|0001193125-13-069201,601,2013,0,False,True,True,14.546,1.0
changed_negative,2018_2019,0,2026092201,0000868725|0001193125-12-117369,0001053650|0001193125-12-104100,610,2012,0,True,False,True,1.0,14.546
changed_negative,2018_2019,0,2026092201,0001310497|0001002014-14-000290,0001504937|0001493152-14-000853,595,2014,0,False,False,True,14.546,14.546
changed_negative,2018_2019,1,2026092202,0000868725|0001193125-12-117369,0000868780|0001193125-12-093860,610,2012,0,True,False,True,1.0,14.546
changed_negative,2018_2019,1,2026092202,0001310497|0001002014-14-000290,0000875729|0000948830-14-000087,595,2014,0,False,False,True,14.546,14.546
changed_negative,2018_2019,2,2026092203,0000868725|0001193125-12-117369,0001410172|0001193125-12-116342,610,2012,0,True,False,True,1.0,14.546
changed_negative,2018_2019,2,2026092203,0001310497|0001002014-14-000290,0001490165|0001193125-14-098355,595,2014,0,False,False,True,14.546,1.0
changed_negative,2018_2019,3,2026092204,0000868725|0001193125-12-117369,0001025877|0001193125-12-143623,610,2012,0,True,False,True,1.0,14.546
changed_negative,2018_2019,3,2026092204,0001310497|0001002014-14-000290,0001401680|0001401680-14-000004,595,2014,0,False,False,True,14.546,14.546
changed_negative,2018_2019,4,2026092205,0000868725|0001193125-12-117369,0001117297|0001193125-12-366660,610,2012,0,True,False,True,1.0,14.546
changed_negative,2018_2019,4,2026092205,0001310497|0001002014-14-000290,0001013934|0001213900-14-001156,595,2014,0,False,False,True,14.546,14.546
changed_negative,2018_2019,5,2026092206,0000868725|0001193125-12-117369,0000855683|0001193125-12-111926,610,2012,0,True,False,True,1.0,14.546
changed_negative,2018_2019,5,2026092206,0001310497|0001002014-14-000290,0001329919|0001193125-14-089209,595,2014,0,False,False,True,14.546,14.546
changed_negative,2018_2019,6,2026092207,0000868725|0001193125-12-117369,0001089872|0001193125-12-117500,610,2012,0,True,False,True,1.0,14.546
changed_negative,2018_2019,6,2026092207,0001310497|0001002014-14-000290,0001422105|0001422105-14-000023,595,2014,0,False,False,True,14.546,1.0
changed_negative,2018_2019,7,2026092208,0000868725|0001193125-12-117369,0001482876|0000891092-12-001684,610,2012,0,True,False,True,1.0,14.546
changed_negative,2018_2019,7,2026092208,0001310497|0001002014-14-000290,0001388295|0001393905-14-000203,595,2014,0,False,False,True,14.546,14.546
changed_negative,2018_2019,8,2026092209,0000868725|0001193125-12-117369,0001410172|0001193125-12-116342,610,2012,0,True,False,True,1.0,14.546
changed_negative,2018_2019,8,2026092209,0001310497|0001002014-14-000290,0001335258|0001335258-14-000027,595,2014,0,False,False,True,14.546,14.546
changed_negative,2018_2019,9,2026092210,0000868725|0001193125-12-117369,0001504239|0001213900-12-006080,610,2012,0,True,False,True,1.0,14.546
changed_negative,2018_2019,9,2026092210,0001310497|0001002014-14-000290,0001485074|0001477932-14-001439,595,2014,0,False,False,True,14.546,14.546
changed_negative,2018_2019,10,2026092211,0000868725|0001193125-12-117369,0001118384|0001193125-12-132303,610,2012,0,True,False,True,1.0,14.546
changed_negative,2018_2019,10,2026092211,0001310497|0001002014-14-000290,0001335239|0001019687-14-002763,595,2014,0,False,False,True,14.546,14.546
changed_negative,2018_2019,11,2026092212,0000868725|0001193125-12-117369,0001034594|0001193125-12-137605,610,2012,0,True,False,True,1.0,14.546
changed_negative,2018_2019,11,2026092212,0001310497|0001002014-14-000290,0000924383|0001437749-14-021173,595,2014,0,False,False,True,14.546,14.546
changed_negative,2018_2019,12,2026092213,0000868725|0001193125-12-117369,0001405041|0001445305-12-000565,610,2012,0,True,False,True,1.0,1.0
changed_negative,2018_2019,12,2026092213,0001310497|0001002014-14-000290,0001034594|0001193125-14-121025,595,2014,0,False,False,True,14.546,14.546
changed_negative,2018_2019,13,2026092214,0000868725|0001193125-12-117369,0000926761|0000897101-12-000539,610,2012,0,True,False,True,1.0,14.546
changed_negative,2018_2019,13,2026092214,0001310497|0001002014-14-000290,0000047129|0000047129-14-000005,595,2014,0,False,False,True,14.546,1.0
changed_negative,2018_2019,14,2026092215,0000868725|0001193125-12-117369,0000002034|0001188112-12-002832,610,2012,0,True,False,True,1.0,1.0
changed_negative,2018_2019,14,2026092215,0001310497|0001002014-14-000290,0001060523|0001047469-14-002387,595,2014,0,False,False,True,14.546,14.546
changed_negative,2018_2019,15,2026092216,0000868725|0001193125-12-117369,0000744452|0001188112-12-003634,610,2012,0,True,False,True,1.0,14.546
changed_negative,2018_2019,15,2026092216,0001310497|0001002014-14-000290,0000814585|0001193125-14-080397,595,2014,0,False,False,True,14.546,14.546
changed_negative,2018_2019,16,2026092217,0000868725|0001193125-12-117369,0000092679|0001193125-12-380945,610,2012,0,True,False,True,1.0,14.546
changed_negative,2018_2019,16,2026092217,0001310497|0001002014-14-000290,0000712537|0000712537-14-000013,595,2014,0,False,False,True,14.546,14.546
changed_negative,2018_2019,17,2026092218,0000868725|0001193125-12-117369,0001076682|0001193125-12-013940,610,2012,0,True,False,True,1.0,14.546
changed_negative,2018_2019,17,2026092218,0001310497|0001002014-14-000290,0000897315|0001096906-14-000859,595,2014,0,False,False,True,14.546,14.546
changed_negative,2018_2019,18,2026092219,0000868725|0001193125-12-117369,0000278041|0000278041-12-000012,610,2012,0,True,False,True,1.0,1.0
changed_negative,2018_2019,18,2026092219,0001310497|0001002014-14-000290,0001022646|0001193125-14-067069,595,2014,0,False,False,True,14.546,1.0
changed_negative,2018_2019,19,2026092220,0000868725|0001193125-12-117369,0000885988|0000885988-12-000006,610,2012,0,True,False,True,1.0,14.546
changed_negative,2018_2019,19,2026092220,0001310497|0001002014-14-000290,0001383571|0001383571-14-000015,595,2014,0,False,False,True,14.546,14.546
other_unchanged_negative,2018_2019,0,2026092201,0000751085|0000751085-12-000010,0000018808|0001140361-12-015364,610,2012,0,True,False,True,14.546,14.546
other_unchanged_negative,2018_2019,0,2026092201,0000894237|0001140361-16-059353,0001542299|0001558370-16-004447,487,2016,0,False,False,True,14.546,14.546
other_unchanged_negative,2018_2019,0,2026092201,0001304464|0001445305-14-000778,0001052595|0001445305-14-000868,595,2014,0,False,False,True,14.546,14.546
other_unchanged_negative,2018_2019,0,2026092201,0001515115|0001144204-13-021924,0001109189|0001193125-13-080070,566,2013,0,True,False,True,14.546,1.0
other_unchanged_negative,2018_2019,0,2026092201,0001605780|0001640334-16-000859,0001396814|0001628280-16-011728,486,2016,0,False,False,True,14.546,14.546
other_unchanged_negative,2018_2019,1,2026092202,0000751085|0000751085-12-000010,0000055529|0001193125-12-301987,610,2012,0,True,False,True,14.546,14.546
other_unchanged_negative,2018_2019,1,2026092202,0000894237|0001140361-16-059353,0001038509|0001038509-16-000017,487,2016,0,False,False,True,14.546,14.546
other_unchanged_negative,2018_2019,1,2026092202,0001304464|0001445305-14-000778,0001379895|0001379895-14-000004,595,2014,0,False,False,True,14.546,1.0
other_unchanged_negative,2018_2019,1,2026092202,0001515115|0001144204-13-021924,0000011199|0000011199-13-000011,566,2013,0,True,False,True,14.546,14.546
other_unchanged_negative,2018_2019,1,2026092202,0001605780|0001640334-16-000859,0001053650|0001437749-16-027158,486,2016,0,False,False,True,14.546,14.546
other_unchanged_negative,2018_2019,2,2026092203,0000751085|0000751085-12-000010,0001337885|0001193125-12-160743,610,2012,0,True,False,True,14.546,14.546
other_unchanged_negative,2018_2019,2,2026092203,0000894237|0001140361-16-059353,0001283582|0001571049-16-013321,487,2016,0,False,False,True,14.546,14.546
other_unchanged_negative,2018_2019,2,2026092203,0001304464|0001445305-14-000778,0001569994|0001569994-14-000039,595,2014,0,False,False,True,14.546,14.546
other_unchanged_negative,2018_2019,2,2026092203,0001515115|0001144204-13-021924,0001274494|0001274494-13-000006,566,2013,0,True,False,True,14.546,14.546
other_unchanged_negative,2018_2019,2,2026092203,0001605780|0001640334-16-000859,0001584701|0001564590-16-015178,486,2016,0,False,False,True,14.546,1.0
other_unchanged_negative,2018_2019,3,2026092204,0000751085|0000751085-12-000010,0001518909|0001193125-12-132277,610,2012,0,True,False,True,14.546,1.0
other_unchanged_negative,2018_2019,3,2026092204,0000894237|0001140361-16-059353,0000798354|0001628280-16-011435,487,2016,0,False,False,True,14.546,14.546
other_unchanged_negative,2018_2019,3,2026092204,0001304464|0001445305-14-000778,0001410838|0001410838-14-000009,595,2014,0,False,False,True,14.546,14.546
other_unchanged_negative,2018_2019,3,2026092204,0001515115|0001144204-13-021924,0000020286|0001144204-13-011557,566,2013,0,True,False,True,14.546,14.546
other_unchanged_negative,2018_2019,3,2026092204,0001605780|0001640334-16-000859,0001473579|0001102624-16-002414,486,2016,0,False,False,True,14.546,14.546
other_unchanged_negative,2018_2019,4,2026092205,0000751085|0000751085-12-000010,0000850209|0001144204-12-017162,610,2012,0,True,False,True,14.546,14.546
other_unchanged_negative,2018_2019,4,2026092205,0000894237|0001140361-16-059353,0000910612|0000910612-16-000097,487,2016,0,False,False,True,14.546,1.0
other_unchanged_negative,2018_2019,4,2026092205,0001304464|0001445305-14-000778,0000920424|0001047469-14-002470,595,2014,0,False,False,True,14.546,14.546
other_unchanged_negative,2018_2019,4,2026092205,0001515115|0001144204-13-021924,0000719955|0001193125-13-142309,566,2013,0,True,False,True,14.546,14.546
other_unchanged_negative,2018_2019,4,2026092205,0001605780|0001640334-16-000859,0001528837|0001558370-16-003707,486,2016,0,False,False,True,14.546,1.0
other_unchanged_negative,2018_2019,5,2026092206,0000751085|0000751085-12-000010,0000064463|0001206774-12-001213,610,2012,0,True,False,True,14.546,14.546
other_unchanged_negative,2018_2019,5,2026092206,0000894237|0001140361-16-059353,0000070415|0000070415-16-000125,487,2016,0,False,False,True,14.546,14.546
other_unchanged_negative,2018_2019,5,2026092206,0001304464|0001445305-14-000778,0001516522|0001014897-14-000157,595,2014,0,False,False,True,14.546,14.546
other_unchanged_negative,2018_2019,5,2026092206,0001515115|0001144204-13-021924,0001422892|0001144204-13-052706,566,2013,0,True,False,True,14.546,14.546
other_unchanged_negative,2018_2019,5,2026092206,0001605780|0001640334-16-000859,0000886835|0000886835-16-000032,486,2016,0,False,False,True,14.546,1.0
other_unchanged_negative,2018_2019,6,2026092207,0000751085|0000751085-12-000010,0001094038|0001424884-12-000026,610,2012,0,True,False,True,14.546,14.546
other_unchanged_negative,2018_2019,6,2026092207,0000894237|0001140361-16-059353,0001555538|0001628280-16-011370,487,2016,0,False,False,True,14.546,14.546
other_unchanged_negative,2018_2019,6,2026092207,0001304464|0001445305-14-000778,0001431372|0001431372-14-000014,595,2014,0,False,False,True,14.546,1.0
other_unchanged_negative,2018_2019,6,2026092207,0001515115|0001144204-13-021924,0001482876|0000891092-13-002625,566,2013,0,True,False,True,14.546,14.546
other_unchanged_negative,2018_2019,6,2026092207,0001605780|0001640334-16-000859,0000020286|0000020286-16-000055,486,2016,0,False,False,True,14.546,14.546
other_unchanged_negative,2018_2019,7,2026092208,0000751085|0000751085-12-000010,0001410172|0001193125-12-116342,610,2012,0,True,False,True,14.546,14.546
other_unchanged_negative,2018_2019,7,2026092208,0000894237|0001140361-16-059353,0000018172|0000018172-16-000067,487,2016,0,False,False,True,14.546,1.0
other_unchanged_negative,2018_2019,7,2026092208,0001304464|0001445305-14-000778,0001369568|0001193125-14-104658,595,2014,0,False,False,True,14.546,14.546
other_unchanged_negative,2018_2019,7,2026092208,0001515115|0001144204-13-021924,0001518909|0001193125-13-155054,566,2013,0,True,False,True,14.546,1.0
other_unchanged_negative,2018_2019,7,2026092208,0001605780|0001640334-16-000859,0001339469|0001193125-16-508691,486,2016,0,False,False,True,14.546,14.546
other_unchanged_negative,2018_2019,8,2026092209,0000751085|0000751085-12-000010,0001123270|0001144204-12-012861,610,2012,0,True,False,True,14.546,14.546
other_unchanged_negative,2018_2019,8,2026092209,0000894237|0001140361-16-059353,0001487986|0001558370-16-003884,487,2016,0,False,False,True,14.546,14.546
other_unchanged_negative,2018_2019,8,2026092209,0001304464|0001445305-14-000778,0000795212|0000930413-14-001843,595,2014,0,False,False,True,14.546,14.546
other_unchanged_negative,2018_2019,8,2026092209,0001515115|0001144204-13-021924,0000093676|0001437749-13-011657,566,2013,0,True,False,True,14.546,14.546
other_unchanged_negative,2018_2019,8,2026092209,0001605780|0001640334-16-000859,0001408146|0001062993-16-008361,486,2016,0,False,False,True,14.546,14.546
other_unchanged_negative,2018_2019,9,2026092210,0000751085|0000751085-12-000010,0000356309|0000356309-12-000060,610,2012,0,True,False,True,14.546,14.546
other_unchanged_negative,2018_2019,9,2026092210,0000894237|0001140361-16-059353,0001316944|0001316944-16-000282,487,2016,0,False,False,True,14.546,14.546
other_unchanged_negative,2018_2019,9,2026092210,0001304464|0001445305-14-000778,0001069533|0001193125-14-440747,595,2014,0,False,False,True,14.546,14.546
other_unchanged_negative,2018_2019,9,2026092210,0001515115|0001144204-13-021924,0001393818|0001193125-13-087702,566,2013,0,True,False,True,14.546,14.546
other_unchanged_negative,2018_2019,9,2026092210,0001605780|0001640334-16-000859,0000711065|0001628280-16-016577,486,2016,0,False,False,True,14.546,14.546
other_unchanged_negative,2018_2019,10,2026092211,0000751085|0000751085-12-000010,0001282266|0001282266-12-000010,610,2012,0,True,False,True,14.546,1.0
other_unchanged_negative,2018_2019,10,2026092211,0000894237|0001140361-16-059353,0000320017|0000320017-16-000098,487,2016,0,False,False,True,14.546,14.546
other_unchanged_negative,2018_2019,10,2026092211,0001304464|0001445305-14-000778,0001530950|0001530950-14-000330,595,2014,0,False,False,True,14.546,14.546
other_unchanged_negative,2018_2019,10,2026092211,0001515115|0001144204-13-021924,0001364250|0001364250-13-000007,566,2013,0,True,False,True,14.546,14.546
other_unchanged_negative,2018_2019,10,2026092211,0001605780|0001640334-16-000859,0001356093|0001213900-16-012229,486,2016,0,False,False,True,14.546,14.546
other_unchanged_negative,2018_2019,11,2026092212,0000751085|0000751085-12-000010,0000924383|0001193125-12-490634,610,2012,0,True,False,True,14.546,14.546
other_unchanged_negative,2018_2019,11,2026092212,0000894237|0001140361-16-059353,0000032166|0000032166-16-000065,487,2016,0,False,False,True,14.546,14.546
other_unchanged_negative,2018_2019,11,2026092212,0001304464|0001445305-14-000778,0001398987|0001398987-14-000017,595,2014,0,False,False,True,14.546,14.546
other_unchanged_negative,2018_2019,11,2026092212,0001515115|0001144204-13-021924,0001255474|0001255474-13-000005,566,2013,0,True,False,True,14.546,1.0
other_unchanged_negative,2018_2019,11,2026092212,0001605780|0001640334-16-000859,0001471261|0001564590-16-012967,486,2016,0,False,False,True,14.546,1.0
other_unchanged_negative,2018_2019,12,2026092213,0000751085|0000751085-12-000010,0000788329|0001042167-12-000163,610,2012,0,True,False,True,14.546,14.546
other_unchanged_negative,2018_2019,12,2026092213,0000894237|0001140361-16-059353,0001126294|0001126294-16-000024,487,2016,0,False,False,True,14.546,1.0
other_unchanged_negative,2018_2019,12,2026092213,0001304464|0001445305-14-000778,0001166365|0001562762-14-000063,595,2014,0,False,False,True,14.546,1.0
other_unchanged_negative,2018_2019,12,2026092213,0001515115|0001144204-13-021924,0001396838|0001193125-13-098523,566,2013,0,True,False,True,14.546,1.0
other_unchanged_negative,2018_2019,12,2026092213,0001605780|0001640334-16-000859,0001461993|0001564590-16-013362,486,2016,0,False,False,True,14.546,1.0
other_unchanged_negative,2018_2019,13,2026092214,0000751085|0000751085-12-000010,0001163165|0001193125-12-070636,610,2012,0,True,False,True,14.546,14.546
other_unchanged_negative,2018_2019,13,2026092214,0000894237|0001140361-16-059353,0001163370|0001163370-16-000051,487,2016,0,False,False,True,14.546,14.546
other_unchanged_negative,2018_2019,13,2026092214,0001304464|0001445305-14-000778,0000104894|0000104894-14-000026,595,2014,0,False,False,True,14.546,14.546
other_unchanged_negative,2018_2019,13,2026092214,0001515115|0001144204-13-021924,0001158449|0001158449-13-000069,566,2013,0,True,False,True,14.546,14.546
other_unchanged_negative,2018_2019,13,2026092214,0001605780|0001640334-16-000859,0001358651|0001358651-16-000030,486,2016,0,False,False,True,14.546,1.0
other_unchanged_negative,2018_2019,14,2026092215,0000751085|0000751085-12-000010,0001394954|0001047469-12-006348,610,2012,0,True,False,True,14.546,1.0
other_unchanged_negative,2018_2019,14,2026092215,0000894237|0001140361-16-059353,0001058623|0001058623-16-000053,487,2016,0,False,False,True,14.546,1.0
other_unchanged_negative,2018_2019,14,2026092215,0001304464|0001445305-14-000778,0001567892|0001567892-14-000040,595,2014,0,False,False,True,14.546,1.0
other_unchanged_negative,2018_2019,14,2026092215,0001515115|0001144204-13-021924,0000013239|0000013239-13-000012,566,2013,0,True,False,True,14.546,1.0
other_unchanged_negative,2018_2019,14,2026092215,0001605780|0001640334-16-000859,0001574596|0001574596-16-000124,486,2016,0,False,False,True,14.546,14.546
other_unchanged_negative,2018_2019,15,2026092216,0000751085|0000751085-12-000010,0001320760|0001144204-12-018791,610,2012,0,True,False,True,14.546,14.546
other_unchanged_negative,2018_2019,15,2026092216,0000894237|0001140361-16-059353,0000916365|0000916365-16-000140,487,2016,0,False,False,True,14.546,14.546
other_unchanged_negative,2018_2019,15,2026092216,0001304464|0001445305-14-000778,0001322866|0001322866-14-000009,595,2014,0,False,False,True,14.546,14.546
other_unchanged_negative,2018_2019,15,2026092216,0001515115|0001144204-13-021924,0000928953|0001193125-13-046128,566,2013,0,True,False,True,14.546,14.546
other_unchanged_negative,2018_2019,15,2026092216,0001605780|0001640334-16-000859,0001175609|0001564590-16-013000,486,2016,0,False,False,True,14.546,14.546
other_unchanged_negative,2018_2019,16,2026092217,0000751085|0000751085-12-000010,0001383571|0001383571-12-000013,610,2012,0,True,False,True,14.546,14.546
other_unchanged_negative,2018_2019,16,2026092217,0000894237|0001140361-16-059353,0000049071|0000049071-16-000117,487,2016,0,False,False,True,14.546,14.546
other_unchanged_negative,2018_2019,16,2026092217,0001304464|0001445305-14-000778,0001290900|0001193125-14-101909,595,2014,0,False,False,True,14.546,14.546
other_unchanged_negative,2018_2019,16,2026092217,0001515115|0001144204-13-021924,0000849146|0000849146-13-000013,566,2013,0,True,False,True,14.546,14.546
other_unchanged_negative,2018_2019,16,2026092217,0001605780|0001640334-16-000859,0000884940|0001193125-16-537187,486,2016,0,False,False,True,14.546,1.0
other_unchanged_negative,2018_2019,17,2026092218,0000751085|0000751085-12-000010,0000093456|0001157523-12-001324,610,2012,0,True,False,True,14.546,1.0
other_unchanged_negative,2018_2019,17,2026092218,0000894237|0001140361-16-059353,0001495240|0001193125-16-473575,487,2016,0,False,False,True,14.546,14.546
other_unchanged_negative,2018_2019,17,2026092218,0001304464|0001445305-14-000778,0000931336|0001193125-14-065233,595,2014,0,False,False,True,14.546,1.0
other_unchanged_negative,2018_2019,17,2026092218,0001515115|0001144204-13-021924,0001434842|0001434842-13-000003,566,2013,0,True,False,True,14.546,1.0
other_unchanged_negative,2018_2019,17,2026092218,0001605780|0001640334-16-000859,0001441849|0001104659-16-097811,486,2016,0,False,False,True,14.546,1.0
other_unchanged_negative,2018_2019,18,2026092219,0000751085|0000751085-12-000010,0000350563|0001193125-12-078254,610,2012,0,True,False,True,14.546,14.546
other_unchanged_negative,2018_2019,18,2026092219,0000894237|0001140361-16-059353,0001042074|0001193125-16-521392,487,2016,0,False,False,True,14.546,14.546
other_unchanged_negative,2018_2019,18,2026092219,0001304464|0001445305-14-000778,0000785815|0001437749-14-010995,595,2014,0,False,False,True,14.546,14.546
other_unchanged_negative,2018_2019,18,2026092219,0001515115|0001144204-13-021924,0001329919|0001193125-13-100710,566,2013,0,True,False,True,14.546,14.546
other_unchanged_negative,2018_2019,18,2026092219,0001605780|0001640334-16-000859,0001001171|0001047469-16-011660,486,2016,0,False,False,True,14.546,14.546
other_unchanged_negative,2018_2019,19,2026092220,0000751085|0000751085-12-000010,0000216228|0001193125-12-089618,610,2012,0,True,False,True,14.546,14.546
other_unchanged_negative,2018_2019,19,2026092220,0000894237|0001140361-16-059353,0001580490|0001213900-16-012644,487,2016,0,False,False,True,14.546,14.546
other_unchanged_negative,2018_2019,19,2026092220,0001304464|0001445305-14-000778,0001294208|0001564590-14-001176,595,2014,0,False,False,True,14.546,14.546
other_unchanged_negative,2018_2019,19,2026092220,0001515115|0001144204-13-021924,0001507718|0001255294-13-000177,566,2013,0,True,False,True,14.546,14.546
other_unchanged_negative,2018_2019,19,2026092220,0001605780|0001640334-16-000859,0001108205|0001193125-16-484817,486,2016,0,False,False,True,14.546,14.546
positive_unchanged,2020_2021,0,2026092201,0000786110|0001193125-16-751374,0001281922|0001558370-16-004642,30,2016,1,False,False,True,1.0,1.0
positive_unchanged,2020_2021,1,2026092202,0000786110|0001193125-16-751374,0000904080|0000904080-16-000030,30,2016,1,False,False,True,1.0,1.0
positive_unchanged,2020_2021,2,2026092203,0000786110|0001193125-16-751374,0001509589|0001509589-16-000016,30,2016,1,False,False,True,1.0,1.0
positive_unchanged,2020_2021,3,2026092204,0000786110|0001193125-16-751374,0001505966|0001505966-16-000032,30,2016,1,False,False,True,1.0,1.0
positive_unchanged,2020_2021,4,2026092205,0000786110|0001193125-16-751374,0000922475|0001193125-16-504396,30,2016,1,False,False,True,1.0,1.0
positive_unchanged,2020_2021,5,2026092206,0000786110|0001193125-16-751374,0000278041|0000278041-16-000093,30,2016,1,False,False,True,1.0,1.0
positive_unchanged,2020_2021,6,2026092207,0000786110|0001193125-16-751374,0001396279|0001396279-16-000124,30,2016,1,False,False,True,1.0,1.0
positive_unchanged,2020_2021,7,2026092208,0000786110|0001193125-16-751374,0001532750|0001564590-16-014066,30,2016,1,False,False,True,1.0,1.0
positive_unchanged,2020_2021,8,2026092209,0000786110|0001193125-16-751374,0000098222|0001564590-16-019999,30,2016,1,False,False,True,1.0,1.0
positive_unchanged,2020_2021,9,2026092210,0000786110|0001193125-16-751374,0001434842|0001434842-16-000069,30,2016,1,False,False,True,1.0,1.0
positive_unchanged,2020_2021,10,2026092211,0000786110|0001193125-16-751374,0001022646|0001193125-16-484243,30,2016,1,False,False,True,1.0,1.0
positive_unchanged,2020_2021,11,2026092212,0000786110|0001193125-16-751374,0001575599|0001558370-16-004480,30,2016,1,False,False,True,1.0,1.0
positive_unchanged,2020_2021,12,2026092213,0000786110|0001193125-16-751374,0001281922|0001558370-16-004642,30,2016,1,False,False,True,1.0,1.0
positive_unchanged,2020_2021,13,2026092214,0000786110|0001193125-16-751374,0001109189|0001109189-16-000202,30,2016,1,False,False,True,1.0,1.0
positive_unchanged,2020_2021,14,2026092215,0000786110|0001193125-16-751374,0001281922|0001558370-16-004642,30,2016,1,False,False,True,1.0,1.0
positive_unchanged,2020_2021,15,2026092216,0000786110|0001193125-16-751374,0001135361|0001135361-16-000019,30,2016,1,False,False,True,1.0,1.0
positive_unchanged,2020_2021,16,2026092217,0000786110|0001193125-16-751374,0001505966|0001505966-16-000032,30,2016,1,False,False,True,1.0,1.0
positive_unchanged,2020_2021,17,2026092218,0000786110|0001193125-16-751374,0001575599|0001558370-16-004480,30,2016,1,False,False,True,1.0,1.0
positive_unchanged,2020_2021,18,2026092219,0000786110|0001193125-16-751374,0001532750|0001564590-16-014066,30,2016,1,False,False,True,1.0,1.0
positive_unchanged,2020_2021,19,2026092220,0000786110|0001193125-16-751374,0000318996|0000318996-16-000031,30,2016,1,False,False,True,1.0,1.0
changed_negative,2020_2021,0,2026092201,0000868725|0001193125-12-117369,0001098146|0001193125-12-140079,610,2012,0,True,False,True,1.0,14.546
changed_negative,2020_2021,0,2026092201,0001310497|0001002014-14-000290,0000012400|0000012400-14-000004,595,2014,0,True,False,True,14.546,14.546
changed_negative,2020_2021,1,2026092202,0000868725|0001193125-12-117369,0000866368|0001193125-12-078648,610,2012,0,True,False,True,1.0,14.546
changed_negative,2020_2021,1,2026092202,0001310497|0001002014-14-000290,0000278130|0001193125-14-165673,595,2014,0,True,False,True,14.546,1.0
changed_negative,2020_2021,2,2026092203,0000868725|0001193125-12-117369,0000923284|0001104659-12-012808,610,2012,0,True,False,True,1.0,14.546
changed_negative,2020_2021,2,2026092203,0001310497|0001002014-14-000290,0001355096|0001355096-14-000015,595,2014,0,True,False,True,14.546,14.546
changed_negative,2020_2021,3,2026092204,0000868725|0001193125-12-117369,0000895126|0001193125-12-089591,610,2012,0,True,False,True,1.0,1.0
changed_negative,2020_2021,3,2026092204,0001310497|0001002014-14-000290,0001462506|0001117768-14-000332,595,2014,0,True,False,True,14.546,14.546
changed_negative,2020_2021,4,2026092205,0000868725|0001193125-12-117369,0001324189|0001047469-12-002222,610,2012,0,True,False,True,1.0,1.0
changed_negative,2020_2021,4,2026092205,0001310497|0001002014-14-000290,0000849146|0000849146-14-000062,595,2014,0,True,False,True,14.546,14.546
changed_negative,2020_2021,5,2026092206,0000868725|0001193125-12-117369,0000315374|0001144204-12-002212,610,2012,0,True,False,True,1.0,14.546
changed_negative,2020_2021,5,2026092206,0001310497|0001002014-14-000290,0001116521|0001116521-14-000070,595,2014,0,True,False,True,14.546,1.0
changed_negative,2020_2021,6,2026092207,0000868725|0001193125-12-117369,0001511139|0001193125-12-133873,610,2012,0,True,False,True,1.0,1.0
changed_negative,2020_2021,6,2026092207,0001310497|0001002014-14-000290,0001568162|0001445305-14-000939,595,2014,0,True,False,True,14.546,14.546
changed_negative,2020_2021,7,2026092208,0000868725|0001193125-12-117369,0001011452|0001011452-12-000003,610,2012,0,True,False,True,1.0,14.546
changed_negative,2020_2021,7,2026092208,0001310497|0001002014-14-000290,0001259550|0001193125-14-121539,595,2014,0,True,False,True,14.546,14.546
changed_negative,2020_2021,8,2026092209,0000868725|0001193125-12-117369,0000813621|0001193125-12-087975,610,2012,0,True,False,True,1.0,14.546
changed_negative,2020_2021,8,2026092209,0001310497|0001002014-14-000290,0000025598|0001104659-14-027656,595,2014,0,True,False,True,14.546,14.546
changed_negative,2020_2021,9,2026092210,0000868725|0001193125-12-117369,0001023734|0001104659-12-018171,610,2012,0,True,False,True,1.0,1.0
changed_negative,2020_2021,9,2026092210,0001310497|0001002014-14-000290,0000020286|0000020286-14-000009,595,2014,0,True,False,True,14.546,14.546
changed_negative,2020_2021,10,2026092211,0000868725|0001193125-12-117369,0000846617|0001104659-12-017897,610,2012,0,True,False,True,1.0,14.546
changed_negative,2020_2021,10,2026092211,0001310497|0001002014-14-000290,0001547638|0001575956-14-000015,595,2014,0,True,False,True,14.546,1.0
changed_negative,2020_2021,11,2026092212,0000868725|0001193125-12-117369,0001289460|0001047469-12-001439,610,2012,0,True,False,True,1.0,14.546
changed_negative,2020_2021,11,2026092212,0001310497|0001002014-14-000290,0000049071|0001193125-14-058508,595,2014,0,True,False,True,14.546,14.546
changed_negative,2020_2021,12,2026092213,0000868725|0001193125-12-117369,0000003116|0001157523-12-001414,610,2012,0,True,False,True,1.0,1.0
changed_negative,2020_2021,12,2026092213,0001310497|0001002014-14-000290,0001509589|0001047469-14-001539,595,2014,0,True,False,True,14.546,1.0
changed_negative,2020_2021,13,2026092214,0000868725|0001193125-12-117369,0000911631|0000911631-12-000009,610,2012,0,True,False,True,1.0,1.0
changed_negative,2020_2021,13,2026092214,0001310497|0001002014-14-000290,0001306830|0001306830-14-000011,595,2014,0,True,False,True,14.546,14.546
changed_negative,2020_2021,14,2026092215,0000868725|0001193125-12-117369,0000805305|0001193125-12-013962,610,2012,0,True,False,True,1.0,1.0
changed_negative,2020_2021,14,2026092215,0001310497|0001002014-14-000290,0001396814|0001396814-14-000003,595,2014,0,True,False,True,14.546,14.546
changed_negative,2020_2021,15,2026092216,0000868725|0001193125-12-117369,0001074902|0001140361-12-011363,610,2012,0,True,False,True,1.0,14.546
changed_negative,2020_2021,15,2026092216,0001310497|0001002014-14-000290,0001400431|0001400431-14-000003,595,2014,0,True,False,True,14.546,14.546
changed_negative,2020_2021,16,2026092217,0000868725|0001193125-12-117369,0001441849|0001047469-12-001130,610,2012,0,True,False,True,1.0,1.0
changed_negative,2020_2021,16,2026092217,0001310497|0001002014-14-000290,0001000298|0001047469-14-002725,595,2014,0,True,False,True,14.546,14.546
changed_negative,2020_2021,17,2026092218,0000868725|0001193125-12-117369,0001106645|0001477932-12-001219,610,2012,0,True,False,True,1.0,14.546
changed_negative,2020_2021,17,2026092218,0001310497|0001002014-14-000290,0001373846|0001144204-14-018000,595,2014,0,True,False,True,14.546,14.546
changed_negative,2020_2021,18,2026092219,0000868725|0001193125-12-117369,0000923120|0001193125-12-446993,610,2012,0,True,False,True,1.0,14.546
changed_negative,2020_2021,18,2026092219,0001310497|0001002014-14-000290,0001330849|0001330849-14-000017,595,2014,0,True,False,True,14.546,1.0
changed_negative,2020_2021,19,2026092220,0000868725|0001193125-12-117369,0000063908|0001193125-12-077317,610,2012,0,True,False,True,1.0,14.546
changed_negative,2020_2021,19,2026092220,0001310497|0001002014-14-000290,0001335239|0001019687-14-002763,595,2014,0,True,False,True,14.546,14.546
other_unchanged_negative,2020_2021,0,2026092201,0000751085|0000751085-12-000010,0000074046|0000074046-12-000012,610,2012,0,True,False,True,14.546,14.546
other_unchanged_negative,2020_2021,0,2026092201,0000894237|0001140361-16-059353,0001382911|0001193125-16-481707,521,2016,0,False,False,True,14.546,1.0
other_unchanged_negative,2020_2021,0,2026092201,0001173313|0001213900-18-004408,0000914747|0001193125-18-099160,441,2018,0,False,False,True,14.546,14.546
other_unchanged_negative,2020_2021,0,2026092201,0001304464|0001445305-14-000778,0001419852|0001047469-14-003037,595,2014,0,True,False,True,14.546,1.0
other_unchanged_negative,2020_2021,0,2026092201,0001515115|0001144204-13-021924,0000076321|0001193125-13-085259,601,2013,0,True,False,True,14.546,1.0
other_unchanged_negative,2020_2021,0,2026092201,0001605780|0001640334-16-000859,0001109116|0001564590-16-014316,520,2016,0,False,False,True,14.546,14.546
other_unchanged_negative,2020_2021,1,2026092202,0000751085|0000751085-12-000010,0001422949|0001213900-12-006901,610,2012,0,True,False,True,14.546,14.546
other_unchanged_negative,2020_2021,1,2026092202,0000894237|0001140361-16-059353,0001422892|0001144204-16-124426,521,2016,0,False,False,True,14.546,14.546
other_unchanged_negative,2020_2021,1,2026092202,0001173313|0001213900-18-004408,0001487986|0001558370-18-001948,441,2018,0,False,False,True,14.546,14.546
other_unchanged_negative,2020_2021,1,2026092202,0001304464|0001445305-14-000778,0001420368|0001477932-14-002416,595,2014,0,True,False,True,14.546,14.546
other_unchanged_negative,2020_2021,1,2026092202,0001515115|0001144204-13-021924,0000914025|0000914025-13-000026,601,2013,0,True,False,True,14.546,14.546
other_unchanged_negative,2020_2021,1,2026092202,0001605780|0001640334-16-000859,0001595627|0001564590-16-015492,520,2016,0,False,False,True,14.546,14.546
other_unchanged_negative,2020_2021,2,2026092203,0000751085|0000751085-12-000010,0000813920|0001193125-12-075516,610,2012,0,True,False,True,14.546,1.0
other_unchanged_negative,2020_2021,2,2026092203,0000894237|0001140361-16-059353,0001569994|0001569994-16-000078,521,2016,0,False,False,True,14.546,14.546
other_unchanged_negative,2020_2021,2,2026092203,0001173313|0001213900-18-004408,0001337553|0001628280-18-002651,441,2018,0,False,False,True,14.546,14.546
other_unchanged_negative,2020_2021,2,2026092203,0001304464|0001445305-14-000778,0001458891|0001193125-14-076924,595,2014,0,True,False,True,14.546,1.0
other_unchanged_negative,2020_2021,2,2026092203,0001515115|0001144204-13-021924,0001324189|0001047469-13-002488,601,2013,0,True,False,True,14.546,1.0
other_unchanged_negative,2020_2021,2,2026092203,0001605780|0001640334-16-000859,0001453593|0001144204-16-090163,520,2016,0,False,False,True,14.546,14.546
other_unchanged_negative,2020_2021,3,2026092204,0000751085|0000751085-12-000010,0001113809|0001437749-12-002376,610,2012,0,True,False,True,14.546,14.546
other_unchanged_negative,2020_2021,3,2026092204,0000894237|0001140361-16-059353,0001348334|0001628280-16-015408,521,2016,0,False,False,True,14.546,14.546
other_unchanged_negative,2020_2021,3,2026092204,0001173313|0001213900-18-004408,0001056087|0001056087-18-000042,441,2018,0,False,False,True,14.546,1.0
other_unchanged_negative,2020_2021,3,2026092204,0001304464|0001445305-14-000778,0000873303|0001193125-14-080447,595,2014,0,True,False,True,14.546,14.546
other_unchanged_negative,2020_2021,3,2026092204,0001515115|0001144204-13-021924,0001444145|0001554795-13-000232,601,2013,0,True,False,True,14.546,14.546
other_unchanged_negative,2020_2021,3,2026092204,0001605780|0001640334-16-000859,0001574596|0001574596-16-000124,520,2016,0,False,False,True,14.546,14.546
other_unchanged_negative,2020_2021,4,2026092205,0000751085|0000751085-12-000010,0001259550|0001193125-12-117466,610,2012,0,True,False,True,14.546,14.546
other_unchanged_negative,2020_2021,4,2026092205,0000894237|0001140361-16-059353,0001615219|0001615219-16-000118,521,2016,0,False,False,True,14.546,14.546
other_unchanged_negative,2020_2021,4,2026092205,0001173313|0001213900-18-004408,0001401835|0001140705-18-000189,441,2018,0,False,False,True,14.546,14.546
other_unchanged_negative,2020_2021,4,2026092205,0001304464|0001445305-14-000778,0000929452|0001008886-14-000026,595,2014,0,True,False,True,14.546,14.546
other_unchanged_negative,2020_2021,4,2026092205,0001515115|0001144204-13-021924,0000038079|0000038079-13-000016,601,2013,0,True,False,True,14.546,1.0
other_unchanged_negative,2020_2021,4,2026092205,0001605780|0001640334-16-000859,0001362516|0001091818-16-000214,520,2016,0,False,False,True,14.546,14.546
other_unchanged_negative,2020_2021,5,2026092206,0000751085|0000751085-12-000010,0001511139|0001193125-12-133873,610,2012,0,True,False,True,14.546,1.0
other_unchanged_negative,2020_2021,5,2026092206,0000894237|0001140361-16-059353,0001076682|0001654954-16-005166,521,2016,0,False,False,True,14.546,14.546
other_unchanged_negative,2020_2021,5,2026092206,0001173313|0001213900-18-004408,0001522767|0001493152-18-004548,441,2018,0,False,False,True,14.546,14.546
other_unchanged_negative,2020_2021,5,2026092206,0001304464|0001445305-14-000778,0001305323|0001305323-14-000013,595,2014,0,True,False,True,14.546,14.546
other_unchanged_negative,2020_2021,5,2026092206,0001515115|0001144204-13-021924,0001130310|0001130310-13-000006,601,2013,0,True,False,True,14.546,14.546
other_unchanged_negative,2020_2021,5,2026092206,0001605780|0001640334-16-000859,0001409916|0001062993-16-008351,520,2016,0,False,False,True,14.546,1.0
other_unchanged_negative,2020_2021,6,2026092207,0000751085|0000751085-12-000010,0000937941|0001104659-12-018570,610,2012,0,True,False,True,14.546,14.546
other_unchanged_negative,2020_2021,6,2026092207,0000894237|0001140361-16-059353,0000878079|0001047469-16-012172,521,2016,0,False,False,True,14.546,1.0
other_unchanged_negative,2020_2021,6,2026092207,0001173313|0001213900-18-004408,0001502034|0001628280-18-002664,441,2018,0,False,False,True,14.546,1.0
other_unchanged_negative,2020_2021,6,2026092207,0001304464|0001445305-14-000778,0001511139|0001193125-14-123058,595,2014,0,True,False,True,14.546,1.0
other_unchanged_negative,2020_2021,6,2026092207,0001515115|0001144204-13-021924,0000059440|0000059440-13-000007,601,2013,0,True,False,True,14.546,14.546
other_unchanged_negative,2020_2021,6,2026092207,0001605780|0001640334-16-000859,0001417663|0001437749-16-028700,520,2016,0,False,False,True,14.546,14.546
other_unchanged_negative,2020_2021,7,2026092208,0000751085|0000751085-12-000010,0000048465|0001104659-12-085141,610,2012,0,True,False,True,14.546,14.546
other_unchanged_negative,2020_2021,7,2026092208,0000894237|0001140361-16-059353,0000014195|0000014195-16-000075,521,2016,0,False,False,True,14.546,1.0
other_unchanged_negative,2020_2021,7,2026092208,0001173313|0001213900-18-004408,0001468174|0001468174-18-000014,441,2018,0,False,False,True,14.546,14.546
other_unchanged_negative,2020_2021,7,2026092208,0001304464|0001445305-14-000778,0001514514|0001415889-14-000987,595,2014,0,True,False,True,14.546,14.546
other_unchanged_negative,2020_2021,7,2026092208,0001515115|0001144204-13-021924,0001426850|0001140361-13-014830,601,2013,0,True,False,True,14.546,14.546
other_unchanged_negative,2020_2021,7,2026092208,0001605780|0001640334-16-000859,0000918581|0000918581-16-000141,520,2016,0,False,False,True,14.546,1.0
other_unchanged_negative,2020_2021,8,2026092209,0000751085|0000751085-12-000010,0000874495|0001144204-12-018016,610,2012,0,True,False,True,14.546,14.546
other_unchanged_negative,2020_2021,8,2026092209,0000894237|0001140361-16-059353,0001361025|0001437749-16-028253,521,2016,0,False,False,True,14.546,14.546
other_unchanged_negative,2020_2021,8,2026092209,0001173313|0001213900-18-004408,0001648428|0001144204-18-015262,441,2018,0,False,False,True,14.546,1.0
other_unchanged_negative,2020_2021,8,2026092209,0001304464|0001445305-14-000778,0001496631|0001193125-14-123796,595,2014,0,True,False,True,14.546,1.0
other_unchanged_negative,2020_2021,8,2026092209,0001515115|0001144204-13-021924,0001297587|0001193125-13-122335,601,2013,0,True,False,True,14.546,14.546
other_unchanged_negative,2020_2021,8,2026092209,0001605780|0001640334-16-000859,0000878726|0001564590-16-024535,520,2016,0,False,False,True,14.546,1.0
other_unchanged_negative,2020_2021,9,2026092210,0000751085|0000751085-12-000010,0001505966|0001505966-12-000010,610,2012,0,True,False,True,14.546,1.0
other_unchanged_negative,2020_2021,9,2026092210,0000894237|0001140361-16-059353,0001561781|0001079974-16-001073,521,2016,0,False,False,True,14.546,14.546
other_unchanged_negative,2020_2021,9,2026092210,0001173313|0001213900-18-004408,0001405073|0001564590-18-005124,441,2018,0,False,False,True,14.546,1.0
other_unchanged_negative,2020_2021,9,2026092210,0001304464|0001445305-14-000778,0001393818|0001193125-14-077145,595,2014,0,True,False,True,14.546,14.546
other_unchanged_negative,2020_2021,9,2026092210,0001515115|0001144204-13-021924,0001403802|0001393905-13-000360,601,2013,0,True,False,True,14.546,14.546
other_unchanged_negative,2020_2021,9,2026092210,0001605780|0001640334-16-000859,0001471261|0001564590-16-012967,520,2016,0,False,False,True,14.546,1.0
other_unchanged_negative,2020_2021,10,2026092211,0000751085|0000751085-12-000010,0000910612|0000910612-12-000008,610,2012,0,True,False,True,14.546,1.0
other_unchanged_negative,2020_2021,10,2026092211,0000894237|0001140361-16-059353,0000887921|0000887921-16-000017,521,2016,0,False,False,True,14.546,1.0
other_unchanged_negative,2020_2021,10,2026092211,0001173313|0001213900-18-004408,0001603923|0001603923-18-000037,441,2018,0,False,False,True,14.546,1.0
other_unchanged_negative,2020_2021,10,2026092211,0001304464|0001445305-14-000778,0001141688|0001144204-14-017155,595,2014,0,True,False,True,14.546,14.546
other_unchanged_negative,2020_2021,10,2026092211,0001515115|0001144204-13-021924,0000771266|0000771266-13-000006,601,2013,0,True,False,True,14.546,14.546
other_unchanged_negative,2020_2021,10,2026092211,0001605780|0001640334-16-000859,0001584701|0001564590-16-015178,520,2016,0,False,False,True,14.546,1.0
other_unchanged_negative,2020_2021,11,2026092212,0000751085|0000751085-12-000010,0001109116|0001193125-12-107254,610,2012,0,True,False,True,14.546,14.546
other_unchanged_negative,2020_2021,11,2026092212,0000894237|0001140361-16-059353,0000866368|0000866368-16-000029,521,2016,0,False,False,True,14.546,14.546
other_unchanged_negative,2020_2021,11,2026092212,0001173313|0001213900-18-004408,0001355096|0001558370-18-001400,441,2018,0,False,False,True,14.546,14.546
other_unchanged_negative,2020_2021,11,2026092212,0001304464|0001445305-14-000778,0001066923|0001213900-14-001898,595,2014,0,True,False,True,14.546,14.546
other_unchanged_negative,2020_2021,11,2026092212,0001515115|0001144204-13-021924,0001301063|0001301063-13-000010,601,2013,0,True,False,True,14.546,1.0
other_unchanged_negative,2020_2021,11,2026092212,0001605780|0001640334-16-000859,0001379763|0001564590-16-016247,520,2016,0,False,False,True,14.546,14.546
other_unchanged_negative,2020_2021,12,2026092213,0000751085|0000751085-12-000010,0000823277|0001445305-12-003500,610,2012,0,True,False,True,14.546,14.546
other_unchanged_negative,2020_2021,12,2026092213,0000894237|0001140361-16-059353,0000886835|0000886835-16-000032,521,2016,0,False,False,True,14.546,1.0
other_unchanged_negative,2020_2021,12,2026092213,0001173313|0001213900-18-004408,0001534701|0001534701-18-000065,441,2018,0,False,False,True,14.546,14.546
other_unchanged_negative,2020_2021,12,2026092213,0001304464|0001445305-14-000778,0001281774|0001193125-14-100282,595,2014,0,True,False,True,14.546,1.0
other_unchanged_negative,2020_2021,12,2026092213,0001515115|0001144204-13-021924,0001327811|0001193125-13-122351,601,2013,0,True,False,True,14.546,14.546
other_unchanged_negative,2020_2021,12,2026092213,0001605780|0001640334-16-000859,0000866368|0000866368-16-000029,520,2016,0,False,False,True,14.546,14.546
other_unchanged_negative,2020_2021,13,2026092214,0000751085|0000751085-12-000010,0000785815|0001437749-12-005466,610,2012,0,True,False,True,14.546,14.546
other_unchanged_negative,2020_2021,13,2026092214,0000894237|0001140361-16-059353,0001633651|0001633651-16-000031,521,2016,0,False,False,True,14.546,14.546
other_unchanged_negative,2020_2021,13,2026092214,0001173313|0001213900-18-004408,0001306830|0001306830-18-000030,441,2018,0,False,False,True,14.546,14.546
other_unchanged_negative,2020_2021,13,2026092214,0001304464|0001445305-14-000778,0001029142|0001564590-14-000660,595,2014,0,True,False,True,14.546,14.546
other_unchanged_negative,2020_2021,13,2026092214,0001515115|0001144204-13-021924,0000875729|0001437904-13-000083,601,2013,0,True,False,True,14.546,14.546
other_unchanged_negative,2020_2021,13,2026092214,0001605780|0001640334-16-000859,0001632323|0001615774-16-004946,520,2016,0,False,False,True,14.546,14.546
other_unchanged_negative,2020_2021,14,2026092215,0000751085|0000751085-12-000010,0000018808|0001140361-12-015364,610,2012,0,True,False,True,14.546,14.546
other_unchanged_negative,2020_2021,14,2026092215,0000894237|0001140361-16-059353,0001000697|0001193125-16-480594,521,2016,0,False,False,True,14.546,14.546
other_unchanged_negative,2020_2021,14,2026092215,0001173313|0001213900-18-004408,0001584207|0001584207-18-000009,441,2018,0,False,False,True,14.546,14.546
other_unchanged_negative,2020_2021,14,2026092215,0001304464|0001445305-14-000778,0001525221|0001525221-14-000008,595,2014,0,True,False,True,14.546,14.546
other_unchanged_negative,2020_2021,14,2026092215,0001515115|0001144204-13-021924,0001023734|0001437749-13-002962,601,2013,0,True,False,True,14.546,1.0
other_unchanged_negative,2020_2021,14,2026092215,0001605780|0001640334-16-000859,0000894158|0001144204-16-087267,520,2016,0,False,False,True,14.546,14.546
other_unchanged_negative,2020_2021,15,2026092216,0000751085|0000751085-12-000010,0001498301|0001144204-12-053044,610,2012,0,True,False,True,14.546,1.0
other_unchanged_negative,2020_2021,15,2026092216,0000894237|0001140361-16-059353,0001591615|0001477932-16-013812,521,2016,0,False,False,True,14.546,14.546
other_unchanged_negative,2020_2021,15,2026092216,0001173313|0001213900-18-004408,0000846617|0001144204-18-013931,441,2018,0,False,False,True,14.546,14.546
other_unchanged_negative,2020_2021,15,2026092216,0001304464|0001445305-14-000778,0001172178|0001062993-14-003140,595,2014,0,True,False,True,14.546,14.546
other_unchanged_negative,2020_2021,15,2026092216,0001515115|0001144204-13-021924,0000056047|0001140361-13-009529,601,2013,0,True,False,True,14.546,14.546
other_unchanged_negative,2020_2021,15,2026092216,0001605780|0001640334-16-000859,0001042074|0001193125-16-521392,520,2016,0,False,False,True,14.546,14.546
other_unchanged_negative,2020_2021,16,2026092217,0000751085|0000751085-12-000010,0001283582|0000914317-12-000402,610,2012,0,True,False,True,14.546,14.546
other_unchanged_negative,2020_2021,16,2026092217,0000894237|0001140361-16-059353,0000712771|0001206774-16-004799,521,2016,0,False,False,True,14.546,14.546
other_unchanged_negative,2020_2021,16,2026092217,0001173313|0001213900-18-004408,0001520566|0001520566-18-000004,441,2018,0,False,False,True,14.546,14.546
other_unchanged_negative,2020_2021,16,2026092217,0001304464|0001445305-14-000778,0001396279|0001396279-14-000024,595,2014,0,True,False,True,14.546,1.0
other_unchanged_negative,2020_2021,16,2026092217,0001515115|0001144204-13-021924,0000915862|0000915862-13-000051,601,2013,0,True,False,True,14.546,14.546
other_unchanged_negative,2020_2021,16,2026092217,0001605780|0001640334-16-000859,0001356564|0001445866-16-001832,520,2016,0,False,False,True,14.546,14.546
other_unchanged_negative,2020_2021,17,2026092218,0000751085|0000751085-12-000010,0001405227|0001096906-12-001796,610,2012,0,True,False,True,14.546,14.546
other_unchanged_negative,2020_2021,17,2026092218,0000894237|0001140361-16-059353,0000314808|0000314808-16-000258,521,2016,0,False,False,True,14.546,1.0
other_unchanged_negative,2020_2021,17,2026092218,0001173313|0001213900-18-004408,0001065696|0001065696-18-000004,441,2018,0,False,False,True,14.546,14.546
other_unchanged_negative,2020_2021,17,2026092218,0001304464|0001445305-14-000778,0000924383|0001437749-14-021173,595,2014,0,True,False,True,14.546,14.546
other_unchanged_negative,2020_2021,17,2026092218,0001515115|0001144204-13-021924,0000023675|0000023675-13-000009,601,2013,0,True,False,True,14.546,14.546
other_unchanged_negative,2020_2021,17,2026092218,0001605780|0001640334-16-000859,0001479247|0001144204-16-087488,520,2016,0,False,False,True,14.546,14.546
other_unchanged_negative,2020_2021,18,2026092219,0000751085|0000751085-12-000010,0000908315|0001104659-12-018424,610,2012,0,True,False,True,14.546,14.546
other_unchanged_negative,2020_2021,18,2026092219,0000894237|0001140361-16-059353,0001644509|0001564590-16-011982,521,2016,0,False,False,True,14.546,14.546
other_unchanged_negative,2020_2021,18,2026092219,0001173313|0001213900-18-004408,0001361983|0001564590-18-003995,441,2018,0,False,False,True,14.546,14.546
other_unchanged_negative,2020_2021,18,2026092219,0001304464|0001445305-14-000778,0001065696|0001065696-14-000017,595,2014,0,True,False,True,14.546,14.546
other_unchanged_negative,2020_2021,18,2026092219,0001515115|0001144204-13-021924,0000788329|0001042167-13-000205,601,2013,0,True,False,True,14.546,14.546
other_unchanged_negative,2020_2021,18,2026092219,0001605780|0001640334-16-000859,0001356564|0001445866-16-001832,520,2016,0,False,False,True,14.546,14.546
other_unchanged_negative,2020_2021,19,2026092220,0000751085|0000751085-12-000010,0000007039|0000007039-12-000003,610,2012,0,True,False,True,14.546,14.546
other_unchanged_negative,2020_2021,19,2026092220,0000894237|0001140361-16-059353,0000225628|0000909012-16-000364,521,2016,0,False,False,True,14.546,14.546
other_unchanged_negative,2020_2021,19,2026092220,0001173313|0001213900-18-004408,0001290900|0001628280-18-003101,441,2018,0,False,False,True,14.546,14.546
other_unchanged_negative,2020_2021,19,2026092220,0001304464|0001445305-14-000778,0001558009|0001557240-14-000150,595,2014,0,True,False,True,14.546,14.546
other_unchanged_negative,2020_2021,19,2026092220,0001515115|0001144204-13-021924,0001234006|0001193125-13-065195,601,2013,0,True,False,True,14.546,14.546
other_unchanged_negative,2020_2021,19,2026092220,0001605780|0001640334-16-000859,0000872589|0001532176-16-000045,520,2016,0,False,False,True,14.546,14.546
