block,model,mode,metric,quantity,n,valid_n,valid_fraction,mean,sd,positive_fraction,negative_fraction,exact_zero_fraction,q2.5,q5,q25,q50,q75,q95,q97.5
2016_2017,LGBM,development_only,average_precision,AA,200,200,1,0.2374370338397721,0.0441585326938577,1.0,0.0,0.0,0.1465986764608285,0.15775450356693,0.2096170394457352,0.2473478703646415,0.2696511842010259,0.2938263545945267,0.3030820006869505
2016_2017,LGBM,development_only,average_precision,BB,200,200,1,0.2361443681589261,0.0524952042724008,1.0,0.0,0.0,0.1079072505493267,0.1297614657322876,0.2019527214155843,0.2486475699168776,0.2790302249715249,0.299065979547701,0.3110635698586442
2016_2017,LGBM,development_only,average_precision,delta,200,200,1,-0.0012926656808459,0.0564004725873041,0.4849999999999999,0.515,0.0,-0.1262206507727928,-0.0899220881267968,-0.0294275892053284,-0.0019457781808976,0.0301771798423618,0.0862304406492415,0.1092429286830417
2016_2017,LGBM,development_only,brier,AA,200,200,1,0.0044475487959991,0.000638202838461,1.0,0.0,0.0,0.0036749591975263,0.0037936750874006,0.0040050777974408,0.0042543378082264,0.004717546437584,0.0057016030631145,0.0059872744065006
2016_2017,LGBM,development_only,brier,BB,200,200,1,0.0044883717110059,0.0008863246771966,1.0,0.0,0.0,0.0036332534472462,0.0036970400088559,0.0039062306574514,0.0042147017550404,0.0046176464733364,0.0064575435997673,0.0067982341822306
2016_2017,LGBM,development_only,brier,delta,200,200,1,4.082291500679826e-05,0.0009686199529311,0.4749999999999999,0.525,0.0,-0.0017481078814073,-0.0010482261325301,-0.0004540609255392,-4.774300884334819e-05,0.0003122814787356,0.0019690335172253,0.0023764691718345
2016_2017,LGBM,development_only,retrospective_recall_at_5percent,AA,200,200,1,0.7706502745098038,0.0537962860593674,1.0,0.0,0.0,0.6666666666666666,0.6666666666666666,0.7254901960784313,0.7647058823529411,0.803921568627451,0.8627450980392157,0.8627450980392157
2016_2017,LGBM,development_only,retrospective_recall_at_5percent,BB,200,200,1,0.7576513137254902,0.0575368967846612,1.0,0.0,0.0,0.6274509803921569,0.6470588235294118,0.7254901960784313,0.7647058823529411,0.7892156862745097,0.8431372549019607,0.8627450980392157
2016_2017,LGBM,development_only,retrospective_recall_at_5percent,delta,200,200,1,-0.0129989607843136,0.0658275239814328,0.3599999999999999,0.545,0.095,-0.1568627450980392,-0.1186274509803921,-0.0588235294117646,-0.0196078431372548,0.0196078431372549,0.0980392156862744,0.1181372549019609
2016_2017,LGBM,development_only,roc_auc,AA,200,200,1,0.9592015849945332,0.0168324066330977,1.0,0.0,0.0,0.9201227363045352,0.9267667568371538,0.9517569421238142,0.964389976779212,0.970121496457502,0.976453650353749,0.9767624058729754
2016_2017,LGBM,development_only,roc_auc,BB,200,200,1,0.9568300063337964,0.0161915348923439,1.0,0.0,0.0,0.9154488410494624,0.9291390273503518,0.9494023235987024,0.9613682614325872,0.9685742961223184,0.973717348442111,0.974690003257032
2016_2017,LGBM,development_only,roc_auc,delta,200,200,1,-0.0023715786607369,0.0182854934221781,0.375,0.625,0.0,-0.0366539648670662,-0.0297513660158438,-0.0108528321590126,-0.0033141151698264,0.0042281545358427,0.0246300592039185,0.0347424898610396
2016_2017,LGBM,evaluation_only,average_precision,AA,200,200,1,0.2554631996557493,0.0194807950830629,1.0,0.0,0.0,0.2231387648114962,0.2276967525350742,0.239163471088665,0.2537209554373841,0.2696430758677362,0.289003379246935,0.2961953006396066
2016_2017,LGBM,evaluation_only,average_precision,BB,200,200,1,0.28456199358508,0.0213737551644814,1.0,0.0,0.0,0.253354438370364,0.2548207203270989,0.2688532515443373,0.2835079603545415,0.2957105008282988,0.3248499281331727,0.3366970796741706
2016_2017,LGBM,evaluation_only,average_precision,delta,200,200,1,0.0290987939293307,0.0162969610839201,0.98,0.02,0.0,0.0008037308899129,0.0020497365079262,0.0181061347144865,0.0281557692184438,0.0383636251144153,0.0562491698110871,0.0596438057162101
2016_2017,LGBM,evaluation_only,brier,AA,200,200,1,0.0038079086984775,0.0001617252308976,1.0,0.0,0.0,0.0035090299809718,0.003574653172121,0.0036878616243183,0.0038114644446722,0.0039219377814368,0.004043892608928,0.0041313841041186
2016_2017,LGBM,evaluation_only,brier,BB,200,200,1,0.0038890855372641,0.0002618360347723,1.0,0.0,0.0,0.0034680990556888,0.0035054340562633,0.0036610701808885,0.0038786448902802,0.0040839456311231,0.0043044059767412,0.0043438958917107
2016_2017,LGBM,evaluation_only,brier,delta,200,200,1,8.117683878652496e-05,0.0002268591368115,0.5799999999999998,0.4199999999999999,0.0,-0.0002849180247475,-0.0002473398769327,-9.142486117514844e-05,8.188652090653642e-05,0.0002205268641651,0.0004745094974093,0.0005230064483487
2016_2017,LGBM,evaluation_only,retrospective_recall_at_5percent,AA,200,200,1,0.7505496155883113,0.0206858477196218,1.0,0.0,0.0,0.7058823529411765,0.7058823529411765,0.7450980392156862,0.7450980392156862,0.7647058823529411,0.784313725490196,0.784313725490196
2016_2017,LGBM,evaluation_only,retrospective_recall_at_5percent,BB,200,200,1,0.804524344266586,0.0330960004021366,1.0,0.0,0.0,0.7647058823529411,0.7647058823529411,0.784313725490196,0.784313725490196,0.8431372549019607,0.8627450980392157,0.8823529411764705
2016_2017,LGBM,evaluation_only,retrospective_recall_at_5percent,delta,200,200,1,0.0539747286782744,0.0290883635081562,0.985,0.0,0.0149999999999999,0.0196078431372548,0.0196078431372549,0.0392156862745097,0.0392156862745098,0.0784313725490195,0.1176470588235294,0.1176470588235294
2016_2017,LGBM,evaluation_only,roc_auc,AA,200,200,1,0.9666067178534428,0.0036581804881597,1.0,0.0,0.0,0.9593129606080923,0.9605241764855016,0.9642788127282168,0.9666688148113876,0.9693443078124364,0.9722120674750024,0.9727064268952164
2016_2017,LGBM,evaluation_only,roc_auc,BB,200,200,1,0.9726945793520084,0.0032814491799826,1.0,0.0,0.0,0.9662269957728908,0.967059672989523,0.970571416905871,0.9727346641051112,0.974899748521715,0.978044292905534,0.9789295117782906
2016_2017,LGBM,evaluation_only,roc_auc,delta,200,200,1,0.0060878614985655,0.0019076940818419,1.0,0.0,0.0,0.0025133177485541,0.0032906894875148,0.0048136022440029,0.0059372885532704,0.00740533480962,0.0096033621205076,0.0102562619050058
2016_2017,LGBM,joint,average_precision,AA,200,200,1,0.2521496210384243,0.0501790110550977,1.0,0.0,0.0,0.1515406592201588,0.1686474550849639,0.2254270639287351,0.2531193902890781,0.288788186690566,0.3261546302423998,0.3366811511705911
2016_2017,LGBM,joint,average_precision,BB,200,200,1,0.2533498540964951,0.053806150044746,1.0,0.0,0.0,0.1187940911049535,0.1484465291415383,0.22144453762982,0.2610417880728789,0.2921408999331582,0.32852608803601,0.3351883859131097
2016_2017,LGBM,joint,average_precision,delta,200,200,1,0.0012002330580708,0.0592423851432555,0.5,0.5,0.0,-0.1263720196539948,-0.0984804940656692,-0.0262034102815938,-0.0002651666888792,0.0343512395007312,0.0904976572460782,0.1114038902403605
2016_2017,LGBM,joint,brier,AA,200,200,1,0.0043581073184647,0.0009272097286087,1.0,0.0,0.0,0.0035517656027931,0.0036097237710523,0.0038732277304544,0.0041311835887636,0.0044889748654411,0.006286070838326,0.0074108859530907
2016_2017,LGBM,joint,brier,BB,200,200,1,0.0042906744099238,0.0008970033683423,1.0,0.0,0.0,0.0034375490938785,0.0035208241735344,0.0037447653870798,0.0040144168719024,0.0044545090236304,0.0058244868380636,0.0072755989299638
2016_2017,LGBM,joint,brier,delta,200,200,1,-6.743290854089089e-05,0.0010435903533397,0.4099999999999999,0.5899999999999999,0.0,-0.0024726128576579,-0.0012267936005823,-0.0003809806704991,-0.0001012623058277,0.0002855155123734,0.0014062588686123,0.0015882949011122
2016_2017,LGBM,joint,retrospective_recall_at_5percent,AA,200,200,1,0.7776645444892955,0.0609782883945379,1.0,0.0,0.0,0.6661764705882351,0.6852941176470588,0.7254901960784313,0.7647058823529411,0.8088235294117647,0.8823529411764705,0.9019607843137256
2016_2017,LGBM,joint,retrospective_recall_at_5percent,BB,200,200,1,0.7684777143038588,0.063080903176144,1.0,0.0,0.0,0.6470588235294118,0.6666666666666666,0.7254901960784313,0.7647058823529411,0.813590835891825,0.8713235506227702,0.8823529411764705
2016_2017,LGBM,joint,retrospective_recall_at_5percent,delta,200,200,1,-0.0091868301854366,0.0712608185260188,0.38,0.4799999999999999,0.14,-0.1568627450980392,-0.1372549019607842,-0.0392156862745098,0.0,0.0254590854077878,0.1176470588235293,0.1377450980392158
2016_2017,LGBM,joint,roc_auc,AA,200,200,1,0.9608536959584058,0.0164552564371889,1.0,0.0,0.0,0.9204572981271074,0.9296806739873797,0.9539342662720498,0.9651489334303835,0.9718041408557992,0.978920425238718,0.9801873663451018
2016_2017,LGBM,joint,roc_auc,BB,200,200,1,0.9587118935050712,0.0158800218121622,1.0,0.0,0.0,0.918695830747864,0.9302758820251485,0.9522941606955074,0.961900376153934,0.9700211568646931,0.9756941387618128,0.9776435717635228
2016_2017,LGBM,joint,roc_auc,delta,200,200,1,-0.0021418024533349,0.0179819301850217,0.3649999999999999,0.635,0.0,-0.0349687828475828,-0.0296545409109829,-0.0097698835482504,-0.002630503505195,0.0038085530433498,0.0269192648988975,0.0367371704556905
2016_2017,LR,development_only,average_precision,AA,200,200,1,0.0093030794275368,0.0033387009817817,1.0,0.0,0.0,0.0061672838261254,0.0062898904397222,0.0077134478321769,0.0083452814508916,0.0097597860801998,0.0152185836462908,0.0184519994858994
2016_2017,LR,development_only,average_precision,BB,200,200,1,0.0089837343106071,0.0033446233701565,1.0,0.0,0.0,0.0060736603127624,0.0061913509034809,0.0072277228806561,0.0081337689485322,0.0093080769313567,0.0146954093659782,0.0184154257268155
2016_2017,LR,development_only,average_precision,delta,200,200,1,-0.0003193451169297,0.0012439156968879,0.085,0.915,0.0,-0.0032300148976665,-0.0022369740809343,-0.0001390451257289,-6.068852511771639e-05,-2.6611127039427107e-05,7.028958909494694e-05,0.0007889587314653
2016_2017,LR,development_only,brier,AA,200,200,1,0.0041760046188413,3.5806542226170136e-06,1.0,0.0,0.0,0.0041664271740003,0.0041692167285095,0.0041746145803875,0.0041763363759493,0.0041774925384382,0.0041824876697775,0.004182809636743
2016_2017,LR,development_only,brier,BB,200,200,1,0.0041765470295655,3.877071181906768e-06,1.0,0.0,0.0,0.0041664673241186,0.0041688982571292,0.0041749991565419,0.0041765705544254,0.0041784076471807,0.0041826432291439,0.0041827640769391
2016_2017,LR,development_only,brier,delta,200,200,1,5.424107242158698e-07,2.0938573497716696e-06,0.93,0.07,0.0,-1.8955957621169168e-06,-1.4881004189322873e-07,5.126069695798874e-08,1.0276427106405833e-07,1.4990790233758086e-07,5.545129997456144e-06,6.831140845625489e-06
2016_2017,LR,development_only,retrospective_recall_at_5percent,AA,200,200,1,0.1014405980392156,0.0531473717334874,0.995,0.0,0.005,0.0196078431372549,0.0196078431372549,0.0588235294117647,0.0980392156862745,0.1372549019607843,0.1764705882352941,0.196078431372549
2016_2017,LR,development_only,retrospective_recall_at_5percent,BB,200,200,1,0.0893799411764705,0.0551927459364525,0.995,0.0,0.005,0.0196078431372549,0.0196078431372549,0.0392156862745098,0.0784313725490196,0.1372549019607843,0.1764705882352941,0.196078431372549
2016_2017,LR,development_only,retrospective_recall_at_5percent,delta,200,200,1,-0.012060656862745,0.0317053730877857,0.08,0.31,0.6099999999999999,-0.1176470588235294,-0.0794117647058823,-0.0196078431372549,0.0,0.0,0.0196078431372549,0.0196078431372549
2016_2017,LR,development_only,roc_auc,AA,200,200,1,0.7054051661055376,0.0254581027107757,1.0,0.0,0.0,0.6568881700605085,0.6620002739033451,0.6919754511777431,0.7054286272345287,0.7219350193367701,0.7488873703421656,0.7554041777911547
2016_2017,LR,development_only,roc_auc,BB,200,200,1,0.7011067194341669,0.0272173788054083,1.0,0.0,0.0,0.6516501227017724,0.6565803262459131,0.6799371956821362,0.7002607844526914,0.720143952184734,0.7487030348089728,0.7542640947130786
2016_2017,LR,development_only,roc_auc,delta,200,200,1,-0.0042984466713706,0.0146081448739163,0.0899999999999999,0.91,0.0,-0.0508217871343346,-0.0392706762033725,-0.0014479890874802,-0.0008475516577852,-0.0004210135047702,0.0007768853978078,0.0094727202830553
2016_2017,LR,evaluation_only,average_precision,AA,200,200,1,0.0084746167297767,0.000817485885553,1.0,0.0,0.0,0.0071346760770333,0.0073136302587646,0.0079640559907795,0.0083246939635945,0.0089705009349385,0.0099164305261544,0.0101945279949423
2016_2017,LR,evaluation_only,average_precision,BB,200,200,1,0.0083914122098052,0.0007970910545567,1.0,0.0,0.0,0.007145488682871,0.0072440482517344,0.007913747033601,0.0082785133230376,0.0088530125427742,0.0098789179034258,0.0100393207875774
2016_2017,LR,evaluation_only,average_precision,delta,200,200,1,-8.320451997145137e-05,9.686854989635624e-05,0.085,0.915,0.0,-0.0003266407193795,-0.0002525990970197,-0.0001101016103587,-5.642487688742575e-05,-2.967503971142713e-05,1.0117215335784384e-05,1.750184124514826e-05
2016_2017,LR,evaluation_only,brier,AA,200,200,1,0.0041789271054857,0.0001493891841287,1.0,0.0,0.0,0.0038744075695735,0.0039395794913459,0.0040746068565697,0.0041773164857823,0.0042822884418268,0.0044068715809954,0.0044709834578288
2016_2017,LR,evaluation_only,brier,BB,200,200,1,0.004179012696024,0.0001493952369096,1.0,0.0,0.0,0.0038744905465159,0.0039396738929077,0.0040746726521826,0.0041773866584798,0.0042823748756328,0.0044069733133218,0.0044710652748502
2016_2017,LR,evaluation_only,brier,delta,200,200,1,8.559053828762841e-08,2.6565551988158778e-08,1.0,0.0,0.0,3.096206034921938e-08,3.8270207527763175e-08,6.792979389538475e-08,8.583057630471083e-08,1.005879118097866e-07,1.2797965966929861e-07,1.4748308092343497e-07
2016_2017,LR,evaluation_only,retrospective_recall_at_5percent,AA,200,200,1,0.119296458898936,0.027794934445144,1.0,0.0,0.0,0.0392156862745098,0.0392156862745098,0.0980392156862745,0.1372549019607843,0.1372549019607843,0.1372549019607843,0.1372549019607843
2016_2017,LR,evaluation_only,retrospective_recall_at_5percent,BB,200,200,1,0.1179532417437969,0.0305211905546288,1.0,0.0,0.0,0.0196078431372549,0.0392156862745098,0.0980392156862745,0.1372549019607843,0.1372549019607843,0.1372549019607843,0.1372549019607843
2016_2017,LR,evaluation_only,retrospective_recall_at_5percent,delta,200,200,1,-0.0013432171551391,0.0090679686789111,0.04,0.0749999999999999,0.885,-0.0392156862745098,-0.0196078431372549,0.0,0.0,0.0,0.0,0.0196078431372549
2016_2017,LR,evaluation_only,roc_auc,AA,200,200,1,0.7066976369738998,0.0133326291167285,1.0,0.0,0.0,0.6801396123561925,0.6825963943085375,0.6982673268957601,0.7061691821151014,0.715660231736924,0.7287865176514872,0.7312164547168433
2016_2017,LR,evaluation_only,roc_auc,BB,200,200,1,0.7059954912108874,0.013342094244093,1.0,0.0,0.0,0.6794801300864588,0.6822856601598991,0.6978268673251318,0.7054644557990918,0.715030503440602,0.7279659288171526,0.7302324534227331
2016_2017,LR,evaluation_only,roc_auc,delta,200,200,1,-0.0007021457630121,0.0003437930428189,0.02,0.98,0.0,-0.0013736027604744,-0.0012382346320869,-0.0009468522175049,-0.0006992035119317,-0.0004632365054485,-0.0001400374570025,-3.454792038863896e-05
2016_2017,LR,joint,average_precision,AA,200,200,1,0.0102391337660751,0.004670050066146,1.0,0.0,0.0,0.0059234879135067,0.006342160918492,0.0079578153951541,0.0089127161663686,0.0105879506311567,0.0191909241862192,0.0242332757000779
2016_2017,LR,joint,average_precision,BB,200,200,1,0.0099528746474243,0.0049195228708211,1.0,0.0,0.0,0.0059173006991048,0.0061630675727706,0.0072779829489504,0.0085238566176438,0.010109500252955,0.0194388105811391,0.026524946801378
2016_2017,LR,joint,average_precision,delta,200,200,1,-0.0002862591186507,0.0020316866301523,0.125,0.875,0.0,-0.0040852746573275,-0.003081678325128,-0.0001899849149637,-7.594655717463924e-05,-2.1747624277743995e-05,0.000102020638585,0.0015860930767122
2016_2017,LR,joint,brier,AA,200,200,1,0.0041780713378729,0.0001497736736289,1.0,0.0,0.0,0.0038740627898115,0.0039329357628115,0.004073729915627,0.0041760768451612,0.0042819139609656,0.0044079171874453,0.0044704512835691
2016_2017,LR,joint,brier,BB,200,200,1,0.0041786256949431,0.0001497884806396,1.0,0.0,0.0,0.0038741663991325,0.0039330808730707,0.0040738479744087,0.0041759532411274,0.0042842468732686,0.0044078310354387,0.0044677261267859
2016_2017,LR,joint,brier,delta,200,200,1,5.54357070187961e-07,2.3513725750221327e-06,0.915,0.085,0.0,-2.865035707711772e-06,-2.9555143913105945e-07,4.572820112044677e-08,1.0286295033324137e-07,1.5763996451972385e-07,6.097898291916502e-06,7.544390579523631e-06
2016_2017,LR,joint,retrospective_recall_at_5percent,AA,200,200,1,0.1120428337290005,0.0597956992871739,1.0,0.0,0.0,0.0196078431372549,0.0196078431372549,0.0588235294117647,0.1176470588235294,0.1568627450980392,0.2156862745098039,0.2352941176470588
2016_2017,LR,joint,retrospective_recall_at_5percent,BB,200,200,1,0.1030364353080063,0.0610654916156311,1.0,0.0,0.0,0.0196078431372549,0.0196078431372549,0.0535045118872258,0.0980392156862745,0.1568627450980392,0.196078431372549,0.2156862745098039
2016_2017,LR,joint,retrospective_recall_at_5percent,delta,200,200,1,-0.0090063984209942,0.0291415908707399,0.0599999999999999,0.275,0.665,-0.0980392156862745,-0.0784313725490196,-0.0196078431372548,0.0,0.0,0.0196078431372549,0.0397058823529412
2016_2017,LR,joint,roc_auc,AA,200,200,1,0.7102143455271883,0.0307816716402782,1.0,0.0,0.0,0.6447222829936234,0.6558828906624227,0.6917178295047794,0.7103364561987121,0.7308412180983864,0.757087328988881,0.7665359166232282
2016_2017,LR,joint,roc_auc,BB,200,200,1,0.7056657031134185,0.0320324580625418,1.0,0.0,0.0,0.644678043630133,0.6552935404339788,0.6821036297935159,0.7061723571058887,0.7277222593229004,0.757033970841046,0.7664928087394242
2016_2017,LR,joint,roc_auc,delta,200,200,1,-0.0045486424137694,0.0162474523879242,0.11,0.89,0.0,-0.0602655297694162,-0.0405114114489367,-0.0014423769337587,-0.000807773370593,-0.0003205989659565,0.0010033961145484,0.0120678238965798
2018_2019,LGBM,development_only,average_precision,AA,200,200,1,0.1892661873472997,0.0582490783794248,1.0,0.0,0.0,0.1026001295258713,0.1072597908068279,0.1509086752648115,0.1823260073743326,0.2221734070618165,0.3085899042729016,0.322380676536041
2018_2019,LGBM,development_only,average_precision,BB,200,200,1,0.2051375964533925,0.0661394014090442,1.0,0.0,0.0,0.1026140430735589,0.1140171886222165,0.1526816976478327,0.1983316002051039,0.2441075471150481,0.3233764652555976,0.3553286046878723
2018_2019,LGBM,development_only,average_precision,delta,200,200,1,0.0158714091060927,0.0848829857306769,0.5949999999999999,0.405,0.0,-0.144887017181429,-0.1185778304179301,-0.0413262506752978,0.0188723196645665,0.0662602711305661,0.1605685060035448,0.1907052897204121
2018_2019,LGBM,development_only,brier,AA,200,200,1,0.0037881914492232,0.0007022335183878,1.0,0.0,0.0,0.0027889677965516,0.0028639545410667,0.0033336568759931,0.0036559673765123,0.0041157951760654,0.0049883147444521,0.005736838448674
2018_2019,LGBM,development_only,brier,BB,200,200,1,0.0036361428634537,0.0007228487966815,1.0,0.0,0.0,0.0022804623283258,0.0024309899344739,0.0032346797938023,0.0036069321391856,0.0040621479564153,0.0048891749328573,0.0050580587302442
2018_2019,LGBM,development_only,brier,delta,200,200,1,-0.0001520485857695,0.0009856897777552,0.465,0.535,0.0,-0.0021676201994438,-0.0020076272502037,-0.0006955210751662,-5.1658002948166666e-05,0.0003738595442587,0.0014877939260454,0.0017986674036604
2018_2019,LGBM,development_only,retrospective_recall_at_5percent,AA,200,200,1,0.8070376428571427,0.0505838953854578,1.0,0.0,0.0,0.6785714285714286,0.7142857142857143,0.7857142857142857,0.8214285714285714,0.8571428571428571,0.8571428571428571,0.8928571428571429
2018_2019,LGBM,development_only,retrospective_recall_at_5percent,BB,200,200,1,0.8282246607142854,0.0512643256084973,1.0,0.0,0.0,0.7142857142857143,0.7482142857142857,0.7857142857142857,0.8214285714285714,0.8571428571428571,0.8928571428571429,0.8928571428571429
2018_2019,LGBM,development_only,retrospective_recall_at_5percent,delta,200,200,1,0.0211870178571428,0.0651431448454008,0.56,0.23,0.2099999999999999,-0.1080357142857142,-0.1071428571428571,0.0,0.0357142857142856,0.0714285714285713,0.1071428571428572,0.1437500000000002
2018_2019,LGBM,development_only,roc_auc,AA,200,200,1,0.9593879644530964,0.0093408545335165,1.0,0.0,0.0,0.9390861318859592,0.9423261189629326,0.9545610192593968,0.9608913897861586,0.9663920236075328,0.97164565876759,0.9731937526218256
2018_2019,LGBM,development_only,roc_auc,BB,200,200,1,0.9580287030625512,0.0099812439162833,1.0,0.0,0.0,0.9348158382185856,0.9393109561089128,0.9526815341957036,0.9594410926233086,0.964982905654086,0.9724554558368944,0.9741041318288676
2018_2019,LGBM,development_only,roc_auc,delta,200,200,1,-0.0013592613905451,0.0126480799905446,0.445,0.555,0.0,-0.0223943587867624,-0.0199349622251626,-0.0083939360440591,-0.0011897274681426,0.0066905574477106,0.0183024147957928,0.0234741380304555
2018_2019,LGBM,evaluation_only,average_precision,AA,200,200,1,0.1741013956634708,0.0429400009049485,1.0,0.0,0.0,0.1156923341673093,0.1194435162420246,0.1409735402669206,0.1628709613396036,0.2048973976530887,0.2585368245154987,0.2673493464305191
2018_2019,LGBM,evaluation_only,average_precision,BB,200,200,1,0.2075174283992356,0.0527455581681315,1.0,0.0,0.0,0.1341759359714428,0.1387319476712533,0.1657917932921696,0.1929178270788044,0.25761874897183,0.295913321680322,0.3223121426795636
2018_2019,LGBM,evaluation_only,average_precision,delta,200,200,1,0.0334160327357647,0.0193228056215357,0.98,0.02,0.0,0.0031027655835866,0.0052786485507582,0.0211321350600776,0.0296646753736401,0.0421248017988921,0.0734408211777693,0.0800550724830852
2018_2019,LGBM,evaluation_only,brier,AA,200,200,1,0.0038848800311683,0.0012355499405919,1.0,0.0,0.0,0.0021869517128736,0.0022724692381597,0.0029374446022679,0.0036303976911449,0.004620951991792,0.0062451126289454,0.007121680213727
2018_2019,LGBM,evaluation_only,brier,BB,200,200,1,0.0041230044054675,0.0013333576832951,1.0,0.0,0.0,0.0021883785110182,0.0023723764814524,0.0031920729190748,0.0038209475371787,0.0049428686533541,0.006882346061191,0.0074502501972284
2018_2019,LGBM,evaluation_only,brier,delta,200,200,1,0.0002381243742992,0.0004632197552576,0.645,0.3549999999999999,0.0,-0.0003761246759032,-0.0003255154427787,-0.0001475942808462,0.0001771797666417,0.0004839490028768,0.0011974426811931,0.0013275572546696
2018_2019,LGBM,evaluation_only,retrospective_recall_at_5percent,AA,200,200,1,0.6720870189664657,0.0226771410086653,1.0,0.0,0.0,0.6428571428571429,0.6428571428571429,0.6428571428571429,0.6785714285714286,0.6785714285714286,0.7142857142857143,0.75
2018_2019,LGBM,evaluation_only,retrospective_recall_at_5percent,BB,200,200,1,0.7739557112560365,0.0185915997745187,1.0,0.0,0.0,0.75,0.75,0.75,0.7857142857142857,0.7857142857142857,0.7857142857142857,0.7857142857142857
2018_2019,LGBM,evaluation_only,retrospective_recall_at_5percent,delta,200,200,1,0.1018686922895708,0.0212371189639473,1.0,0.0,0.0,0.0357142857142856,0.0714285714285713,0.1071428571428571,0.1071428571428571,0.1071428571428571,0.1428571428571427,0.1428571428571427
2018_2019,LGBM,evaluation_only,roc_auc,AA,200,200,1,0.9403828542419008,0.004267161166961,1.0,0.0,0.0,0.9321109924652836,0.9339185604618112,0.9374348700169443,0.9406155800350698,0.9438050169890784,0.9466695122523084,0.94807407763327
2018_2019,LGBM,evaluation_only,roc_auc,BB,200,200,1,0.9472795345057244,0.0038433253960704,1.0,0.0,0.0,0.9406513165004272,0.9410989762794268,0.9446577943815871,0.9473264454051756,0.9502584335838866,0.9527837868010216,0.9544530267426226
2018_2019,LGBM,evaluation_only,roc_auc,delta,200,200,1,0.0068966802638236,0.0015761535920596,1.0,0.0,0.0,0.003642775703286,0.0043330538935478,0.0058544211892783,0.0068821625307893,0.008124088825589,0.0093829026429891,0.0097848088616416
2018_2019,LGBM,joint,average_precision,AA,200,200,1,0.220654773124619,0.0741313462095824,1.0,0.0,0.0,0.0849946710934349,0.1084656116449572,0.1603191258654501,0.2229549332465749,0.27323179027747,0.3444667866584348,0.3554590954141286
2018_2019,LGBM,joint,average_precision,BB,200,200,1,0.238661823536717,0.0824133327348378,1.0,0.0,0.0,0.108012640374989,0.1161615586847943,0.176496848084942,0.2301170479290781,0.2977711933846289,0.3854959750538656,0.3934239393603672
2018_2019,LGBM,joint,average_precision,delta,200,200,1,0.018007050412098,0.0872968919657383,0.5999999999999999,0.4,0.0,-0.1477221560477863,-0.1158761427065837,-0.0381617258005903,0.0204711110302172,0.0691579719389557,0.1516723765301469,0.2334308227685051
2018_2019,LGBM,joint,brier,AA,200,200,1,0.0037275486053111,0.0013386836976691,1.0,0.0,0.0,0.0020159260653608,0.0020756055237247,0.0027934959089655,0.0035179809089622,0.0043672872104613,0.0060639384697909,0.0068973798886817
2018_2019,LGBM,joint,brier,BB,200,200,1,0.0035316493349554,0.001224496588423,1.0,0.0,0.0,0.0018955468571703,0.0020105977483966,0.0024705539281233,0.0033633083052063,0.0044478220799384,0.0055270207282671,0.0061231111867833
2018_2019,LGBM,joint,brier,delta,200,200,1,-0.0001958992703557,0.0011982814407042,0.4249999999999999,0.5749999999999998,0.0,-0.0026614409782013,-0.0021318425596339,-0.0007115006107697,-0.0001170032814398,0.0004093478639511,0.001640184286642,0.0020351409636264
2018_2019,LGBM,joint,retrospective_recall_at_5percent,AA,200,200,1,0.8111854517444153,0.0536669670095795,1.0,0.0,0.0,0.6785714285714286,0.7142857142857143,0.7857142857142857,0.8214285714285714,0.8571428571428571,0.8928571428571429,0.8928571428571429
2018_2019,LGBM,joint,retrospective_recall_at_5percent,BB,200,200,1,0.8310072887443603,0.0539288447891774,1.0,0.0,0.0,0.7142857142857143,0.7142857142857143,0.7857142857142857,0.8571428571428571,0.8571428571428571,0.8928571428571429,0.8928571428571429
2018_2019,LGBM,joint,retrospective_recall_at_5percent,delta,200,200,1,0.0198218369999452,0.069448735191898,0.54,0.28,0.1799999999999999,-0.1428571428571427,-0.1071428571428571,-0.0357142857142856,0.0357142857142856,0.0714285714285713,0.1428571428571427,0.1785714285714284
2018_2019,LGBM,joint,roc_auc,AA,200,200,1,0.9608009542600452,0.0100531295052176,1.0,0.0,0.0,0.9370408788022048,0.9438566733324892,0.9552198628297888,0.961888888404988,0.9676588155938888,0.97526475615045,0.9756110720484594
2018_2019,LGBM,joint,roc_auc,BB,200,200,1,0.9592793486880352,0.0103208808909369,1.0,0.0,0.0,0.937160949475522,0.9409814546873294,0.9522247312090604,0.960761109537418,0.9661381263711164,0.974958171528428,0.976885910947088
2018_2019,LGBM,joint,roc_auc,delta,200,200,1,-0.0015216055720101,0.0125350787260893,0.435,0.565,0.0,-0.0221739512465145,-0.020071891271958,-0.008363606911111,-0.0023195682307248,0.0063115080903302,0.0175519714223063,0.0227071030852663
2018_2019,LR,development_only,average_precision,AA,200,200,1,0.0157409147518088,0.0131377513515112,1.0,0.0,0.0,0.0075965422340582,0.0079504878846753,0.0087085176521078,0.0099262422331416,0.0114857359428966,0.0445426082621305,0.0448240818530142
2018_2019,LR,development_only,average_precision,BB,200,200,1,0.0154146490085061,0.0129940097838791,1.0,0.0,0.0,0.0075623106196941,0.0078817993266028,0.008756189437312,0.0098281345301112,0.0110727943728504,0.0445290548552398,0.0447979789290668
2018_2019,LR,development_only,average_precision,delta,200,200,1,-0.0003262657433027,0.0027706161667067,0.4149999999999999,0.5849999999999999,0.0,-0.0013642960071833,-0.0006966661625738,-5.587380681644104e-05,-1.1297292677023632e-05,2.4335661124177e-05,0.0001473460423175,0.0008590841594644
2018_2019,LR,development_only,brier,AA,200,200,1,0.0024272984211136,8.952372653935423e-06,1.0,0.0,0.0,0.0024185297685704,0.0024193052957758,0.0024219232239862,0.0024244367448425,0.0024291473532827,0.0024427930465757,0.0024469761266775
2018_2019,LR,development_only,brier,BB,200,200,1,0.0024272226819134,8.078026081520425e-06,1.0,0.0,0.0,0.0024184703979605,0.0024191148322256,0.0024222061770966,0.0024247149854327,0.0024292579520911,0.0024426708693854,0.0024461181773021
2018_2019,LR,development_only,brier,delta,200,200,1,-7.573920016769233e-08,3.602958231550808e-06,0.32,0.68,0.0,-5.707161143209593e-06,-2.2430310466411185e-06,-3.258032637811414e-07,-5.773319977403664e-08,8.182513851814205e-09,3.274398510191021e-06,6.354563153807485e-06
2018_2019,LR,development_only,retrospective_recall_at_5percent,AA,200,200,1,0.2238776249999999,0.0708467171213588,1.0,0.0,0.0,0.1071428571428571,0.1071428571428571,0.1785714285714285,0.25,0.2857142857142857,0.3214285714285714,0.3214285714285714
2018_2019,LR,development_only,retrospective_recall_at_5percent,BB,200,200,1,0.224770482142857,0.0704925077402387,1.0,0.0,0.0,0.1071428571428571,0.1071428571428571,0.1785714285714285,0.25,0.2857142857142857,0.3214285714285714,0.3214285714285714
2018_2019,LR,development_only,retrospective_recall_at_5percent,delta,200,200,1,0.0008928571428571,0.0289178558428887,0.08,0.085,0.8349999999999999,-0.0357142857142857,-0.0357142857142856,0.0,0.0,0.0,0.0357142857142857,0.0723214285714287
2018_2019,LR,development_only,roc_auc,AA,200,200,1,0.8120952790663537,0.009475650993034,1.0,0.0,0.0,0.7918374582329386,0.7951410933506506,0.8069211691157878,0.812251251171687,0.8177775054327101,0.825529912331112,0.8281472546919733
2018_2019,LR,development_only,roc_auc,BB,200,200,1,0.8124008570406805,0.0092762742095493,1.0,0.0,0.0,0.7929528367638266,0.7960107463803082,0.8067744038665307,0.8127624767882583,0.8180926304574667,0.825337945072667,0.8300096442577124
2018_2019,LR,development_only,roc_auc,delta,200,200,1,0.0003055779743267,0.0035555596004354,0.685,0.31,0.005,-0.0108559972434732,-0.0021720590574905,-0.0002424468571333,0.0005137663322246,0.0010697097897435,0.0025360984630936,0.0051719880482244
2018_2019,LR,evaluation_only,average_precision,AA,200,200,1,0.0120092993070284,0.0045481799310483,1.0,0.0,0.0,0.0078044308127583,0.0081658361418026,0.0091812935113375,0.0102703423719307,0.0120629677691811,0.0217121663862756,0.0228516501520495
2018_2019,LR,evaluation_only,average_precision,BB,200,200,1,0.0095005226972272,0.0014306471190941,1.0,0.0,0.0,0.0074764492464581,0.0077665369742578,0.0085652731770107,0.0091491242396486,0.0100746652612527,0.0126628247011721,0.0133642817823492
2018_2019,LR,evaluation_only,average_precision,delta,200,200,1,-0.0025087766098011,0.0040529064874558,0.125,0.875,0.0,-0.0119806954868551,-0.0118271971397369,-0.0017625531496685,-0.0008315524196756,-0.0003232224966615,0.0003264616346076,0.0005356426372103
2018_2019,LR,evaluation_only,brier,AA,200,200,1,0.0024324375067436,8.947389766516979e-05,1.0,0.0,0.0,0.0022705800304125,0.0022918655036014,0.002372689199553,0.0024303889960326,0.0024898582596472,0.0025788436571751,0.0026014480235491
2018_2019,LR,evaluation_only,brier,BB,200,200,1,0.0024314721617092,8.994884547664998e-05,1.0,0.0,0.0,0.0022656860237948,0.0022831977461209,0.0023701238682602,0.0024283135761,0.0024874990099298,0.0025789312533095,0.0026061901949151
2018_2019,LR,evaluation_only,brier,delta,200,200,1,-9.653450343949441e-07,4.62344102802019e-06,0.44,0.56,0.0,-1.0033673320185342e-05,-9.101971804661426e-06,-3.821897304808569e-06,-6.577215097313458e-07,2.5403784923304536e-06,5.467185665749065e-06,7.017062463423512e-06
2018_2019,LR,evaluation_only,retrospective_recall_at_5percent,AA,200,200,1,0.2591588745812538,0.0519641496116844,1.0,0.0,0.0,0.1071428571428571,0.1785714285714285,0.25,0.2857142857142857,0.2857142857142857,0.3214285714285714,0.3214285714285714
2018_2019,LR,evaluation_only,retrospective_recall_at_5percent,BB,200,200,1,0.2078029387544215,0.086066559852662,1.0,0.0,0.0,0.1071428571428571,0.1071428571428571,0.1428571428571428,0.1785714285714285,0.2857142857142857,0.3571428571428571,0.3571428571428571
2018_2019,LR,evaluation_only,retrospective_recall_at_5percent,delta,200,200,1,-0.0513559358268322,0.0659556282769864,0.16,0.69,0.1499999999999999,-0.1785714285714285,-0.1428571428571428,-0.1071428571428571,-0.0714285714285714,0.0,0.0714285714285714,0.0714285714285714
2018_2019,LR,evaluation_only,roc_auc,AA,200,200,1,0.8145278157640691,0.0118323573323453,1.0,0.0,0.0,0.7924940701927329,0.7959843082889925,0.8063302423100727,0.8148148483499636,0.8214026425805083,0.8346535677275528,0.8389585094465178
2018_2019,LR,evaluation_only,roc_auc,BB,200,200,1,0.8260744125698684,0.0118464804305284,1.0,0.0,0.0,0.8033985329271462,0.8094257279595797,0.8180778066522214,0.8259977231051246,0.8339924523519703,0.8445167381204034,0.8508673326192
2018_2019,LR,evaluation_only,roc_auc,delta,200,200,1,0.011546596805799,0.003187194320237,1.0,0.0,0.0,0.0052497262678412,0.0066182126697788,0.0095290768868692,0.0116566896036456,0.013698414324347,0.0165662654505341,0.0181256638390467
2018_2019,LR,joint,average_precision,AA,200,200,1,0.0186194555416869,0.0138142651022742,1.0,0.0,0.0,0.0075370273810992,0.0075887906564449,0.0091493938296677,0.0108103805819927,0.0315919888336558,0.0449119844152549,0.0458384472629215
2018_2019,LR,joint,average_precision,BB,200,200,1,0.0181859422299716,0.0136737789185144,1.0,0.0,0.0,0.007446986363887,0.0075797288423402,0.00916290205984,0.0106752182289918,0.0254789957297092,0.0447962432721566,0.0458647129341941
2018_2019,LR,joint,average_precision,delta,200,200,1,-0.0004335133117152,0.004315911092646,0.4699999999999999,0.53,0.0,-0.010839417937224,-0.0005716143978802,-7.699461998552291e-05,-4.85163573662236e-06,2.9339674561238215e-05,0.0002879933491819,0.0005853241769114
2018_2019,LR,joint,brier,AA,200,200,1,0.0024322569852495,8.984228869710562e-05,1.0,0.0,0.0,0.0022658757746318,0.002284402465941,0.0023704358947286,0.0024327834127462,0.0024882087967065,0.0025814476874231,0.0026079556222176
2018_2019,LR,joint,brier,BB,200,200,1,0.0024325129502144,9.00266488149936e-05,1.0,0.0,0.0,0.0022658882153768,0.0022846264926209,0.0023705783434702,0.0024305517415519,0.0024978277887268,0.0025814416805139,0.0026076998747589
2018_2019,LR,joint,brier,delta,200,200,1,2.559649649509495e-07,4.303913711131182e-06,0.33,0.67,0.0,-3.3541700576735946e-06,-1.8252306469002369e-06,-2.4741193217694014e-07,-2.9827606391101893e-08,1.2651413343052302e-08,1.9559225617448907e-06,7.78905904336451e-06
2018_2019,LR,joint,retrospective_recall_at_5percent,AA,200,200,1,0.2383928571428571,0.0810891323791991,1.0,0.0,0.0,0.1071428571428571,0.1071428571428571,0.1785714285714285,0.25,0.2946428571428571,0.3571428571428571,0.3571428571428571
2018_2019,LR,joint,retrospective_recall_at_5percent,BB,200,200,1,0.239115995785585,0.0807942640340033,1.0,0.0,0.0,0.10625,0.1071428571428571,0.1785714285714285,0.25,0.3214285714285714,0.3232142857142851,0.3571428571428571
2018_2019,LR,joint,retrospective_recall_at_5percent,delta,200,200,1,0.0007231386427279,0.0311845825264246,0.055,0.0749999999999999,0.87,-0.0357142857142857,-0.0357142857142856,0.0,0.0,0.0,0.0357142857142856,0.0366071428571431
2018_2019,LR,joint,roc_auc,AA,200,200,1,0.815726998796956,0.0156445383299169,1.0,0.0,0.0,0.789595852153636,0.7920381699175038,0.8055645994901734,0.8146703335196303,0.8258031182678786,0.8408785110069747,0.8491054741258474
2018_2019,LR,joint,roc_auc,BB,200,200,1,0.8160657033031464,0.0154291251254654,1.0,0.0,0.0,0.7904016196241638,0.7921145455648294,0.8060317287856513,0.8147193960783321,0.8264258115519901,0.8414755525244634,0.8493591608023827
2018_2019,LR,joint,roc_auc,delta,200,200,1,0.0003387045061904,0.0040994297211221,0.655,0.3449999999999999,0.0,-0.010433667391961,-0.0025812279544775,-0.0002807640966345,0.0004271870043981,0.0012744990514077,0.0032012142221294,0.0049527718076876
2020_2021,LGBM,development_only,average_precision,AA,200,200,1,0.0952457835793856,0.0340539845569381,1.0,0.0,0.0,0.04145530989119,0.0453925334719418,0.0708560534681045,0.0906617289891538,0.1153350115834213,0.1635814821971572,0.1754053062347174
2020_2021,LGBM,development_only,average_precision,BB,200,200,1,0.1040119934089067,0.0372111855364348,1.0,0.0,0.0,0.0426637312035521,0.0454470726761573,0.0767377922811143,0.0998717932689038,0.1267658031511664,0.1733739560529996,0.1868283649306441
2020_2021,LGBM,development_only,average_precision,delta,200,200,1,0.008766209829521,0.0434875204326115,0.5949999999999999,0.405,0.0,-0.0818469606465501,-0.0708549028598087,-0.0146761417786284,0.0085241845385798,0.0358358316905065,0.0797184227457589,0.0903041520286629
2020_2021,LGBM,development_only,brier,AA,200,200,1,0.0068036909952404,0.0012801024563889,1.0,0.0,0.0,0.0046514408752336,0.0048278603957406,0.0058943955555819,0.0067544398608894,0.0074851034059823,0.0090786887832647,0.009618991075738
2020_2021,LGBM,development_only,brier,BB,200,200,1,0.0066161152896006,0.0012183029584108,1.0,0.0,0.0,0.0048716642047861,0.0049687408062917,0.0056899420340071,0.0065386181800162,0.0072121400856918,0.0088076786086947,0.0097590724301768
2020_2021,LGBM,development_only,brier,delta,200,200,1,-0.0001875757056398,0.001498064990561,0.455,0.545,0.0,-0.0032288253194333,-0.0026160260735414,-0.0010327603856301,-0.000116748707902,0.0005715791936374,0.0023808530124682,0.0026608155906165
2020_2021,LGBM,development_only,retrospective_recall_at_5percent,AA,200,200,1,0.531021386363636,0.0559119406788887,1.0,0.0,0.0,0.4318181818181818,0.4318181818181818,0.5,0.5227272727272727,0.5681818181818182,0.6147727272727269,0.6363636363636364
2020_2021,LGBM,development_only,retrospective_recall_at_5percent,BB,200,200,1,0.528029409090909,0.0585394127303235,1.0,0.0,0.0,0.4318181818181818,0.4318181818181818,0.4772727272727272,0.5227272727272727,0.5681818181818182,0.6363636363636364,0.659090909090909
2020_2021,LGBM,development_only,retrospective_recall_at_5percent,delta,200,200,1,-0.0029919772727272,0.0731940124303328,0.38,0.4899999999999999,0.13,-0.1363636363636363,-0.1136363636363636,-0.0454545454545455,0.0,0.0454545454545454,0.1291242045454503,0.1590909090909091
2020_2021,LGBM,development_only,roc_auc,AA,200,200,1,0.9101361868881221,0.0124924826673309,1.0,0.0,0.0,0.8848406931511362,0.8887713988603777,0.901736676684976,0.9110184826445132,0.9189511064246934,0.9294665229854708,0.932533403243648
2020_2021,LGBM,development_only,roc_auc,BB,200,200,1,0.9100963126177896,0.0121475419714505,1.0,0.0,0.0,0.8858844342151346,0.8889134852770598,0.902602764887469,0.91139619908526,0.9178753651490472,0.9298211000478724,0.9325232911759664
2020_2021,LGBM,development_only,roc_auc,delta,200,200,1,-3.987427033252167e-05,0.0152176912763036,0.515,0.4849999999999999,0.0,-0.0309132738213528,-0.0239747424933425,-0.0104400390228985,0.0004754490459085,0.0091175160129574,0.0273677151895323,0.0298440778797584
2020_2021,LGBM,evaluation_only,average_precision,AA,200,200,1,0.092817487603154,0.032407646351859,1.0,0.0,0.0,0.0581823031165757,0.0598707355271088,0.0689138145025643,0.0810645725455453,0.1124952733287626,0.1479021281248499,0.1940643749313845
2020_2021,LGBM,evaluation_only,average_precision,BB,200,200,1,0.0975756564423375,0.0173028792192298,1.0,0.0,0.0,0.0788956455191783,0.0809858596793207,0.0873954155185443,0.0944484841817094,0.1014816500118951,0.1255817936141333,0.1409334255272504
2020_2021,LGBM,evaluation_only,average_precision,delta,200,200,1,0.0047581688391835,0.0237915900446858,0.66,0.34,0.0,-0.042059172819178,-0.0345308607412152,-0.0143462373549724,0.0151321243850936,0.0214438803528828,0.0278229109790329,0.0292573962201696
2020_2021,LGBM,evaluation_only,brier,AA,200,200,1,0.0070763719484185,0.0018622911658359,1.0,0.0,0.0,0.0038230001083431,0.0044145222992086,0.0057958008563956,0.0068991200763429,0.0080795356665673,0.0104800816673706,0.0111380176596094
2020_2021,LGBM,evaluation_only,brier,BB,200,200,1,0.008233527813589,0.0021791785183557,1.0,0.0,0.0,0.0043949743264321,0.0049901347360533,0.0067574479394576,0.0079724817274094,0.0091895816437343,0.0121769631759178,0.0125168812488294
2020_2021,LGBM,evaluation_only,brier,delta,200,200,1,0.0011571558651704,0.0013406177753545,0.815,0.185,0.0,-0.0009615169759304,-0.0007304305723355,0.0001844747278489,0.0010542311339686,0.0019779952697853,0.0035395326418248,0.0040048882929633
2020_2021,LGBM,evaluation_only,retrospective_recall_at_5percent,AA,200,200,1,0.4937060420869283,0.0459544600503603,1.0,0.0,0.0,0.4545454545454545,0.4545454545454545,0.4545454545454545,0.4772727272727272,0.5227272727272727,0.5909090909090909,0.5909090909090909
2020_2021,LGBM,evaluation_only,retrospective_recall_at_5percent,BB,200,200,1,0.5981117446537596,0.058667916127628,1.0,0.0,0.0,0.5,0.5,0.5909090909090909,0.5909090909090909,0.659090909090909,0.6818181818181817,0.7045454545454545
2020_2021,LGBM,evaluation_only,retrospective_recall_at_5percent,delta,200,200,1,0.1044057025668311,0.0398362152929791,0.995,0.005,0.0,0.0303501013073112,0.0454545454545454,0.0681818181818182,0.1136363636363636,0.1363636363636363,0.159090909090909,0.1818181818181817
2020_2021,LGBM,evaluation_only,roc_auc,AA,200,200,1,0.8974142779708713,0.0067132868039962,1.0,0.0,0.0,0.8840378010130778,0.885010038123643,0.8935973963930836,0.8980655652511873,0.90125220293077,0.9087119284816184,0.910097956371828
2020_2021,LGBM,evaluation_only,roc_auc,BB,200,200,1,0.9264010074239286,0.0061850569443497,1.0,0.0,0.0,0.9143298119017654,0.9158489681126996,0.9222407940277264,0.9266467868239014,0.9301628339922932,0.9359561997523784,0.939022862992943
2020_2021,LGBM,evaluation_only,roc_auc,delta,200,200,1,0.0289867294530571,0.0025213943096003,1.0,0.0,0.0,0.0240767130141815,0.0245152978221548,0.0273927886158724,0.0291980109759573,0.0308268937355346,0.0327124118508891,0.0331893723698362
2020_2021,LGBM,joint,average_precision,AA,200,200,1,0.1080912924700472,0.0405881602168975,1.0,0.0,0.0,0.0421821493760423,0.0502185672865298,0.079635536355564,0.1030546751595088,0.1327286859108761,0.1819339623253222,0.1960218159214392
2020_2021,LGBM,joint,average_precision,BB,200,200,1,0.119500479617699,0.0479201614037466,1.0,0.0,0.0,0.0439793601091376,0.0467249270836326,0.0876045784138603,0.1107059442041158,0.1504691081587083,0.2033529980514112,0.2290228406224268
2020_2021,LGBM,joint,average_precision,delta,200,200,1,0.0114091871476518,0.0501145952890718,0.5999999999999999,0.4,0.0,-0.1004635104462211,-0.0663158320130784,-0.0184571425868127,0.0104551654059131,0.0421907085611733,0.0916109770848247,0.1073314155913214
2020_2021,LGBM,joint,brier,AA,200,200,1,0.0066497967038114,0.0019034682880817,1.0,0.0,0.0,0.0039754049564383,0.0042857621046727,0.0053341066853764,0.0064003055599892,0.0073724438975444,0.0099661163098728,0.0112633584681914
2020_2021,LGBM,joint,brier,BB,200,200,1,0.0064825881361305,0.0018526592517267,1.0,0.0,0.0,0.0037466435678532,0.0038789564347877,0.0052454510079967,0.0062015733855898,0.0073700729797582,0.0099460060412405,0.010758504512143
2020_2021,LGBM,joint,brier,delta,200,200,1,-0.0001672085676809,0.0018730092400641,0.445,0.555,0.0,-0.0041755032542934,-0.002851992525582,-0.0012092996025306,-0.0002276658676041,0.0009200910927062,0.0028852385874646,0.0036099119718094
2020_2021,LGBM,joint,retrospective_recall_at_5percent,AA,200,200,1,0.5390732944551346,0.0740780153578441,1.0,0.0,0.0,0.4085227272727273,0.4318181818181818,0.4772727272727272,0.5454545454545454,0.5909090909090909,0.659090909090909,0.6818181818181817
2020_2021,LGBM,joint,retrospective_recall_at_5percent,BB,200,200,1,0.5391086514953439,0.0722441185003153,1.0,0.0,0.0,0.4090909090909091,0.4318181818181818,0.4772727272727272,0.5227272727272727,0.5909090909090909,0.659090909090909,0.6823863636363637
2020_2021,LGBM,joint,retrospective_recall_at_5percent,delta,200,200,1,3.5357040209268444e-05,0.0792776417035082,0.4199999999999999,0.45,0.13,-0.159090909090909,-0.1147727272727273,-0.0454545454545455,0.0,0.0454545454545455,0.1147727272727269,0.159090909090909
2020_2021,LGBM,joint,roc_auc,AA,200,200,1,0.9123711461832432,0.0141372456398042,1.0,0.0,0.0,0.8832160899661583,0.8872547406654769,0.9035395754834772,0.9128829863000696,0.9218328584738988,0.9359290664913368,0.9378959367140915
2020_2021,LGBM,joint,roc_auc,BB,200,200,1,0.9123425023636764,0.013979557643429,1.0,0.0,0.0,0.8858546735690682,0.8910335196035408,0.9034491107777876,0.9122913816790498,0.9225376486208418,0.9338473227763288,0.9376169465966228
2020_2021,LGBM,joint,roc_auc,delta,200,200,1,-2.864381956689255e-05,0.0153667697133871,0.51,0.4899999999999999,0.0,-0.0307550480322611,-0.0253410775336729,-0.0110186901840142,0.0001207199256886,0.009246896425277,0.0249885886139224,0.0322647745232257
2020_2021,LR,development_only,average_precision,AA,200,200,1,0.0183440911841476,0.003414389449922,1.0,0.0,0.0,0.0143195804021126,0.0146033624652229,0.0158270133975742,0.017217593489429,0.0202750516149,0.0247713980882972,0.0259608249532344
2020_2021,LR,development_only,average_precision,BB,200,200,1,0.0182500455784513,0.00375215803567,1.0,0.0,0.0,0.0143886281942319,0.0146027354615523,0.0157485804710801,0.0171824553470163,0.0201812106238827,0.0244217433111497,0.0255645797696164
2020_2021,LR,development_only,average_precision,delta,200,200,1,-9.404560569627174e-05,0.0012119467799398,0.2,0.8,0.0,-0.0008757669945716,-0.0005556665112195,-0.0002671849594621,-0.0001076711642636,-2.772437523745723e-05,0.0001316555521012,0.0001869501797389
2020_2021,LR,development_only,brier,AA,200,200,1,0.0038323714025546,1.1996187890422708e-05,1.0,0.0,0.0,0.0038162246357613,0.0038188505204845,0.0038255132929473,0.00382940795024,0.0038362229890123,0.0038564022502082,0.0038615212020667
2020_2021,LR,development_only,brier,BB,200,200,1,0.0038325837731236,1.1951442318131587e-05,1.0,0.0,0.0,0.0038159497634521,0.0038189984900677,0.0038258107722607,0.0038295418301911,0.0038369155000805,0.0038569544707591,0.00386141118462
2020_2021,LR,development_only,brier,delta,200,200,1,2.1237056900547119e-07,2.4829274238588245e-06,0.7349999999999999,0.265,0.0,-6.033385808774157e-07,-3.435362002047245e-07,-2.7686631088458258e-08,1.0457027019793696e-07,2.2613216493164867e-07,5.141945440924506e-07,8.006333239194341e-07
2020_2021,LR,development_only,retrospective_recall_at_5percent,AA,200,200,1,0.3196263863636362,0.0604925726736323,1.0,0.0,0.0,0.2272727272727272,0.2272727272727272,0.2727272727272727,0.3181818181818181,0.3636363636363636,0.4102272727272723,0.4318181818181818
2020_2021,LR,development_only,retrospective_recall_at_5percent,BB,200,200,1,0.3138309318181817,0.0614816336697122,1.0,0.0,0.0,0.2045454545454545,0.2272727272727272,0.2727272727272727,0.3181818181818181,0.3636363636363636,0.4090909090909091,0.4318181818181818
2020_2021,LR,development_only,retrospective_recall_at_5percent,delta,200,200,1,-0.0057954545454545,0.0139892215618065,0.0449999999999999,0.26,0.695,-0.0454545454545454,-0.0262915909090907,-0.0070306818181804,0.0,0.0,0.0,0.0227272727272727
2020_2021,LR,development_only,roc_auc,AA,200,200,1,0.8173911024325937,0.0069744961333699,1.0,0.0,0.0,0.8033162312217551,0.8056578064125556,0.8122188921453696,0.8182196925189948,0.8222155111601415,0.8283603831502465,0.8295372822363734
2020_2021,LR,development_only,roc_auc,BB,200,200,1,0.8177496126808528,0.0067669112478717,1.0,0.0,0.0,0.8047855181890738,0.8069707587456445,0.8124062059655776,0.8184446324513371,0.8222598243348201,0.8281028965107996,0.8294192207008408
2020_2021,LR,development_only,roc_auc,delta,200,200,1,0.0003585102482591,0.0006929646584465,0.75,0.25,0.0,-0.0006692773722196,-0.0004092135963201,5.551115123125784e-17,0.0002871803600117,0.0007106252585443,0.0013940798839753,0.0016961283235069
2020_2021,LR,evaluation_only,average_precision,AA,200,200,1,0.0188854021554809,0.0033262493458372,1.0,0.0,0.0,0.0140689934968738,0.0147113766846008,0.0165180537584397,0.0182227001295066,0.0208164150082152,0.0257310943652921,0.0269271869784617
2020_2021,LR,evaluation_only,average_precision,BB,200,200,1,0.0187494885584896,0.0032508682172881,1.0,0.0,0.0,0.0140565456858531,0.0146401833332553,0.0164786047389919,0.0181194290882397,0.0205076146253349,0.025318783873801,0.0269577221539246
2020_2021,LR,evaluation_only,average_precision,delta,200,200,1,-0.0001359135969913,0.0002159551659851,0.215,0.785,0.0,-0.0006008119915582,-0.0004932595452729,-0.0002365261051407,-9.326902685806958e-05,-1.837300745925752e-05,0.0001321810785759,0.000149461436375
2020_2021,LR,evaluation_only,brier,AA,200,200,1,0.0038374050842797,0.000157430319487,1.0,0.0,0.0,0.0035666649358712,0.00360775813312,0.0037291539147902,0.003837137408794,0.0039340926839042,0.0040808097902015,0.004142416045307
2020_2021,LR,evaluation_only,brier,BB,200,200,1,0.0038375161649773,0.0001574365512268,1.0,0.0,0.0,0.0035663788526985,0.0036079264416141,0.0037293387258634,0.0038374875938033,0.0039341526412604,0.0040808557897565,0.0041421942866984
2020_2021,LR,evaluation_only,brier,delta,200,200,1,1.1108069766919147e-07,1.9971460301676027e-07,0.7299999999999999,0.27,0.0,-2.9267981331395404e-07,-2.5476125236048497e-07,-1.1016107350977912e-08,1.2145331999770421e-07,2.5053675201548026e-07,4.377844529988111e-07,4.761278995359738e-07
2020_2021,LR,evaluation_only,retrospective_recall_at_5percent,AA,200,200,1,0.3534815558747743,0.0608194420124346,1.0,0.0,0.0,0.25,0.2727272727272727,0.3181818181818181,0.3409090909090908,0.4090909090909091,0.4545454545454545,0.4551136363636365
2020_2021,LR,evaluation_only,retrospective_recall_at_5percent,BB,200,200,1,0.3514310757236152,0.0654632744682466,1.0,0.0,0.0,0.25,0.25,0.2954545454545454,0.3409090909090908,0.4090909090909091,0.4545454545454545,0.4772727272727272
2020_2021,LR,evaluation_only,retrospective_recall_at_5percent,delta,200,200,1,-0.0020504801511591,0.0185232577541058,0.26,0.2899999999999999,0.45,-0.0454545454545454,-0.0236845184504672,-0.0227272727272727,0.0,0.0057910361512531,0.0227272727272727,0.0227272727272727
2020_2021,LR,evaluation_only,roc_auc,AA,200,200,1,0.820178992813186,0.010058592922647,1.0,0.0,0.0,0.803811521959653,0.8059804686326826,0.8128996378550597,0.8197357647101637,0.8268832036182951,0.8384114849446597,0.8412924143807099
2020_2021,LR,evaluation_only,roc_auc,BB,200,200,1,0.8204509079629163,0.0099896261156867,1.0,0.0,0.0,0.8040119894849008,0.8058182233336904,0.8134860711569507,0.8199795196027733,0.8276526937553002,0.8377292841898454,0.8417558248611545
2020_2021,LR,evaluation_only,roc_auc,delta,200,200,1,0.0002719151497303,0.0009482932111263,0.55,0.45,0.0,-0.0014127220934808,-0.0011006358894181,-0.0002963161813027,0.0001222203148297,0.0008646347217993,0.0018386753607241,0.0023923992730623
2020_2021,LR,joint,average_precision,AA,200,200,1,0.0213542181868743,0.0081167134044294,1.0,0.0,0.0,0.0137668345666492,0.0141824296336902,0.0165574543186745,0.0192851488496429,0.0236724097645144,0.0353690519581432,0.0436632753528831
2020_2021,LR,joint,average_precision,BB,200,200,1,0.0210585525934703,0.0078759910447304,1.0,0.0,0.0,0.0138679221862121,0.0141273565291991,0.0163627074602555,0.0190080492992417,0.0235257050725043,0.0348421400635589,0.0426836775387118
2020_2021,LR,joint,average_precision,delta,200,200,1,-0.0002956655934039,0.0016576289262554,0.25,0.75,0.0,-0.0019063543053939,-0.001100728827548,-0.0003927227835481,-0.0001515687293756,1.4593321648360968e-06,0.0002134027862589,0.0002490590474085
2020_2021,LR,joint,brier,AA,200,200,1,0.0038409898438663,0.0001588432437987,1.0,0.0,0.0,0.0035692265109121,0.0036080285286836,0.0037343447666239,0.0038381849545243,0.0039274568749621,0.0041067352717012,0.0041535801342865
2020_2021,LR,joint,brier,BB,200,200,1,0.0038413512460273,0.0001583578263399,1.0,0.0,0.0,0.0035697702197717,0.0036084961914573,0.0037348464833444,0.0038383486614762,0.0039275191192927,0.004106480922373,0.0041539399655183
2020_2021,LR,joint,brier,delta,200,200,1,3.6140216094588666e-07,4.485221850374656e-06,0.695,0.3049999999999999,0.0,-8.808108371489423e-07,-6.267899274168706e-07,-5.757301359938204e-08,1.6585657093537955e-07,3.245423689467436e-07,7.383402694121016e-07,8.831280683702796e-07
2020_2021,LR,joint,retrospective_recall_at_5percent,AA,200,200,1,0.3355634846176769,0.0742921176255388,1.0,0.0,0.0,0.1818181818181818,0.2045454545454545,0.2727272727272727,0.3409090909090908,0.3863636363636363,0.4545454545454545,0.4545454545454545
2020_2021,LR,joint,retrospective_recall_at_5percent,BB,200,200,1,0.3323219745726351,0.0739332742130946,1.0,0.0,0.0,0.1818181818181818,0.2045454545454545,0.2727272727272727,0.3409090909090908,0.3863636363636363,0.4318181818181818,0.4545454545454545
2020_2021,LR,joint,retrospective_recall_at_5percent,delta,200,200,1,-0.0032415100450419,0.0179996200496265,0.125,0.23,0.645,-0.0454545454545454,-0.0227272727272727,0.0,0.0,0.0,0.0227272727272727,0.0227272727272727
2020_2021,LR,joint,roc_auc,AA,200,200,1,0.8201952402737837,0.0125104523267059,1.0,0.0,0.0,0.7965138775279903,0.7995179450767194,0.8118312661120912,0.8201798103314571,0.8293964967463054,0.8401487372565185,0.8437232945489432
2020_2021,LR,joint,roc_auc,BB,200,200,1,0.820611578833017,0.0122960355510189,1.0,0.0,0.0,0.7983630803000566,0.7997382366866201,0.812439063392906,0.820183494287049,0.8298752359523368,0.8396957878339547,0.842675946663143
2020_2021,LR,joint,roc_auc,delta,200,200,1,0.0004163385592334,0.0012493504630706,0.6099999999999999,0.39,0.0,-0.0018881459744141,-0.0012976907736358,-0.0003992266440725,0.0003485515481799,0.0010756038597639,0.002338381074399,0.0026990856332164
