audit_id,fact_row,cik,original_accession,arm,feature,tag,start,end,source_accession,unit,old_api_value,display_normalized_value,row_id,original_stages,changed_AB_model_features,evidence_class
E03,7365,278041,0000278041-12-000012,A,operating_cash,NetCashProvidedByUsedInOperatingActivities,2011-01-01,2011-12-31,0000278041-12-000012,USD,-46273000.0,46273000.0,0000278041|0000278041-12-000012,2016_2017:refit;2018_2019:tuning_train;2018_2019:refit;2020_2021:tuning_train;2020_2021:refit,operating_cash_to_assets,sign_unresolved
E04,26924,1064728,0001064728-13-000014,B,retained_earnings,RetainedEarningsAccumulatedDeficit,,2012-12-31,0001064728-14-000015,USD,-3066400000.0,3066400000.0,0001064728|0001064728-13-000014,2016_2017:validation;2016_2017:refit;2018_2019:tuning_train;2018_2019:refit;2020_2021:tuning_train;2020_2021:refit,retained_earnings_to_assets,sign_unresolved
E05,27398,1066923,0001213900-21-021762,B,net_income,NetIncomeLoss,2020-01-01,2020-12-31,0001213900-23-022083,USD,-88930311.0,88930311.0,0001066923|0001213900-21-021762,2020_2021:test,net_income_to_assets,sign_unresolved
E06,28094,1076682,0001144204-13-002186,A,retained_earnings,RetainedEarningsAccumulatedDeficit,,2012-10-31,0001144204-13-002186,USD,90888000.0,-90888000.0,0001076682|0001144204-13-002186,2016_2017:validation;2016_2017:refit;2018_2019:tuning_train;2018_2019:refit;2020_2021:tuning_train;2020_2021:refit,retained_earnings_to_assets,sign_unresolved
E01,44828,1409916,0001062993-16-008351,A,assets,Assets,,2015-12-31,0001062993-16-008351,USD,242027.0,242027000.0,0001409916|0001062993-16-008351,2016_2017:test;2018_2019:refit;2020_2021:refit,log_assets,scale_supported_display_only
E01,44829,1409916,0001062993-16-008351,A,liabilities,Liabilities,,2015-12-31,0001062993-16-008351,USD,95950.0,95950000.0,0001409916|0001062993-16-008351,2016_2017:test;2018_2019:refit;2020_2021:refit,log_assets,scale_supported_display_only
E01,44830,1409916,0001062993-16-008351,A,equity,StockholdersEquity,,2015-12-31,0001062993-16-008351,USD,126336.0,126336000.0,0001409916|0001062993-16-008351,2016_2017:test;2018_2019:refit;2020_2021:refit,log_assets,scale_supported_display_only
E01,44831,1409916,0001062993-16-008351,A,cash,CashAndCashEquivalentsAtCarryingValue,,2015-12-31,0001062993-16-008351,USD,15666.0,15666000.0,0001409916|0001062993-16-008351,2016_2017:test;2018_2019:refit;2020_2021:refit,log_assets,scale_supported_display_only
E01,44832,1409916,0001062993-16-008351,A,current_assets,AssetsCurrent,,2015-12-31,0001062993-16-008351,USD,115517.0,115517000.0,0001409916|0001062993-16-008351,2016_2017:test;2018_2019:refit;2020_2021:refit,log_assets,scale_supported_display_only
E01,44833,1409916,0001062993-16-008351,A,current_liabilities,LiabilitiesCurrent,,2015-12-31,0001062993-16-008351,USD,51822.0,51822000.0,0001409916|0001062993-16-008351,2016_2017:test;2018_2019:refit;2020_2021:refit,log_assets,scale_supported_display_only
E01,44834,1409916,0001062993-16-008351,A,net_income,NetIncomeLoss,2015-01-01,2015-12-31,0001062993-16-008351,USD,50840.0,50840000.0,0001409916|0001062993-16-008351,2016_2017:test;2018_2019:refit;2020_2021:refit,log_assets,scale_supported_display_only
E01,44835,1409916,0001062993-16-008351,A,revenue,Revenues,2015-01-01,2015-12-31,0001062993-16-008351,USD,229216.0,229216000.0,0001409916|0001062993-16-008351,2016_2017:test;2018_2019:refit;2020_2021:refit,log_assets,scale_supported_display_only
E01,44836,1409916,0001062993-16-008351,A,operating_income,OperatingIncomeLoss,2015-01-01,2015-12-31,0001062993-16-008351,USD,31650.0,31650000.0,0001409916|0001062993-16-008351,2016_2017:test;2018_2019:refit;2020_2021:refit,log_assets,scale_supported_display_only
E01,44837,1409916,0001062993-16-008351,A,operating_cash,NetCashProvidedByUsedInOperatingActivities,2015-01-01,2015-12-31,0001062993-16-008351,USD,6715.0,6715000.0,0001409916|0001062993-16-008351,2016_2017:test;2018_2019:refit;2020_2021:refit,log_assets,scale_supported_display_only
E01,44838,1409916,0001062993-16-008351,A,retained_earnings,RetainedEarningsAccumulatedDeficit,,2015-12-31,0001062993-16-008351,USD,-85491.0,-85491000.0,0001409916|0001062993-16-008351,2016_2017:test;2018_2019:refit;2020_2021:refit,log_assets,scale_supported_display_only
E01_extension_FY2014,44817,1409916,0001062993-15-001772,B,assets,Assets,,2014-12-31,0001062993-16-008351,USD,105332.0,105332000.0,0001409916|0001062993-15-001772,2018_2019:validation;2018_2019:refit;2020_2021:tuning_train;2020_2021:refit,log_assets,scale_supported_display_only
E01_extension_FY2014,44818,1409916,0001062993-15-001772,B,liabilities,Liabilities,,2014-12-31,0001062993-16-008351,USD,48663.0,48663000.0,0001409916|0001062993-15-001772,2018_2019:validation;2018_2019:refit;2020_2021:tuning_train;2020_2021:refit,log_assets,scale_supported_display_only
E01_extension_FY2014,44819,1409916,0001062993-15-001772,B,equity,StockholdersEquity,,2014-12-31,0001062993-16-008351,USD,39669.0,39669000.0,0001409916|0001062993-15-001772,2018_2019:validation;2018_2019:refit;2020_2021:tuning_train;2020_2021:refit,log_assets,scale_supported_display_only
E01_extension_FY2014,44820,1409916,0001062993-15-001772,B,cash,CashAndCashEquivalentsAtCarryingValue,,2014-12-31,0001062993-16-008351,USD,7568.0,7568000.0,0001409916|0001062993-15-001772,2018_2019:validation;2018_2019:refit;2020_2021:tuning_train;2020_2021:refit,log_assets,scale_supported_display_only
E01_extension_FY2014,44821,1409916,0001062993-15-001772,B,current_assets,AssetsCurrent,,2014-12-31,0001062993-16-008351,USD,52995.0,52995000.0,0001409916|0001062993-15-001772,2018_2019:validation;2018_2019:refit;2020_2021:tuning_train;2020_2021:refit,log_assets,scale_supported_display_only
E01_extension_FY2014,44822,1409916,0001062993-15-001772,B,current_liabilities,LiabilitiesCurrent,,2014-12-31,0001062993-16-008351,USD,30643.0,30643000.0,0001409916|0001062993-15-001772,2018_2019:validation;2018_2019:refit;2020_2021:tuning_train;2020_2021:refit,log_assets,scale_supported_display_only
E01_extension_FY2014,44823,1409916,0001062993-15-001772,B,net_income,NetIncomeLoss,2014-01-01,2014-12-31,0001062993-16-008351,USD,2893.0,2893000.0,0001409916|0001062993-15-001772,2018_2019:validation;2018_2019:refit;2020_2021:tuning_train;2020_2021:refit,log_assets,scale_supported_display_only
E01_extension_FY2014,44824,1409916,0001062993-15-001772,B,revenue,Revenues,2014-01-01,2014-12-31,0001062993-16-008351,USD,84029.0,84029000.0,0001409916|0001062993-15-001772,2018_2019:validation;2018_2019:refit;2020_2021:tuning_train;2020_2021:refit,log_assets,scale_supported_display_only
E01_extension_FY2014,44825,1409916,0001062993-15-001772,B,operating_income,OperatingIncomeLoss,2014-01-01,2014-12-31,0001062993-16-008351,USD,20491.0,20491000.0,0001409916|0001062993-15-001772,2018_2019:validation;2018_2019:refit;2020_2021:tuning_train;2020_2021:refit,log_assets,scale_supported_display_only
E01_extension_FY2014,44826,1409916,0001062993-15-001772,B,operating_cash,NetCashProvidedByUsedInOperatingActivities,2014-01-01,2014-12-31,0001062993-16-008351,USD,3998.0,3998000.0,0001409916|0001062993-15-001772,2018_2019:validation;2018_2019:refit;2020_2021:tuning_train;2020_2021:refit,log_assets,scale_supported_display_only
E01_extension_FY2014,44827,1409916,0001062993-15-001772,B,retained_earnings,RetainedEarningsAccumulatedDeficit,,2014-12-31,0001062993-16-008351,USD,-136687.0,-136687000.0,0001409916|0001062993-15-001772,2018_2019:validation;2018_2019:refit;2020_2021:tuning_train;2020_2021:refit,log_assets,scale_supported_display_only
