experiment,block,model,A_average_precision,A_brier,A_roc_auc,A_retrospective_recall_at_5percent,B_average_precision,B_brier,B_roc_auc,B_retrospective_recall_at_5percent,delta_AP,domain
full_train_full_test,2016_2017,LR,0.0075927283685047,0.0041775802073978,0.6977321152130224,0.0502882352941162,0.0075972038818552,0.0041775936919893,0.6977525844315854,0.0392156862745098,4.475513350500442e-06,Full / full
full_train_full_test,2016_2017,LGBM,0.2474686198347409,0.003819010233126,0.9662456690345302,0.7450980392156863,0.2017595156910985,0.004238524852006,0.962345986501129,0.7647058823529411,-0.045709104143642376,Full / full
full_train_size_test,2016_2017,LR,0.0089247530169009,0.0077393225093757,0.5633511946819547,0.0196078431372549,0.0089355680739904,0.0077393407666928,0.5638211134894334,0.0196078431372549,1.0815057089500618e-05,Full / size
full_train_size_test,2016_2017,LGBM,0.2479453681130179,0.0070769441424091,0.940817647158226,0.6470588235294118,0.20231284854728,0.0078543400588512,0.9363783563601265,0.5882352941176471,-0.04563251956573791,Full / size
size_train_size_test,2016_2017,LR,0.2628373855111466,0.0066897198894891,0.9563438541999232,0.6470588235294118,0.2590486043449001,0.0066856543267879,0.9562411628163574,0.6470588235294118,-0.00378878116624648,Size / size
size_train_size_test,2016_2017,LGBM,0.3221699747315459,0.0069749691936361,0.9485775818613016,0.6666666666666666,0.3191678314600069,0.0067140905763235,0.9479263777602492,0.6666666666666666,-0.003002143271539026,Size / size
full_train_full_test,2018_2019,LR,0.0098266506870539,0.0024212424343586,0.8129494373423296,0.2857142857142857,0.0098145411493846,0.0024212122801681,0.8137318345369411,0.2857142857142857,-1.2109537669299439e-05,Full / full
full_train_full_test,2018_2019,LGBM,0.2331171702015939,0.003504528880301,0.9556901930044688,0.75,0.2615732071393534,0.003385019019346,0.9450137446489606,0.8214285714285714,0.0284560369377595,Full / full
full_train_size_test,2018_2019,LR,0.0117046560277153,0.0043160597678559,0.7206522355807612,0.1071428571428571,0.0116636038583102,0.0043160270924678,0.7212357327043233,0.1071428571428571,-4.105216940509908e-05,Full / size
full_train_size_test,2018_2019,LGBM,0.2331629718637013,0.0062534184773802,0.9245351661807292,0.6071428571428571,0.2616871350452926,0.0060401640274341,0.916482079799241,0.6785714285714286,0.028524163181591317,Full / size
size_train_size_test,2018_2019,LR,0.2148132057193112,0.0042865235187456,0.938053749469174,0.75,0.2277032402396028,0.0041099112837155,0.943944386225732,0.75,0.01289003452029161,Size / size
size_train_size_test,2018_2019,LGBM,0.3197586455298544,0.0052809901481972,0.9484185581365356,0.6785714285714286,0.1596643433258874,0.0064272981736598,0.9386428131448296,0.6785714285714286,-0.160094302203967,Size / size
full_train_full_test,2020_2021,LR,0.0182811112431999,0.0038262486743972,0.8198845378811208,0.3863636363636363,0.0180030103052916,0.0038263803423274,0.8201174850729085,0.3409090909090909,-0.0002781009379082995,Full / full
full_train_full_test,2020_2021,LGBM,0.118611059034474,0.0070769062291371,0.916931973862961,0.6136363636363636,0.1062612977997975,0.0065401389506012,0.9266575191200952,0.5681818181818182,-0.012349761234676501,Full / full
full_train_size_test,2020_2021,LR,0.0202680275170852,0.0068324930965376,0.751805920646793,0.2045454545454545,0.0199316899232861,0.006832742995248,0.7524844344208186,0.2045454545454545,-0.0003363375937990992,Full / size
full_train_size_test,2020_2021,LGBM,0.1188500113558018,0.012646271205805,0.857263268597388,0.3636363636363636,0.1066353563472678,0.0116869066640732,0.873025665501673,0.4318181818181818,-0.012214655008533998,Full / size
size_train_size_test,2020_2021,LR,0.1057137188520055,0.0086256117259954,0.8768083749478502,0.5,0.0998252218255067,0.0092725888905583,0.8744668497412598,0.5,-0.00588849702649881,Size / size
size_train_size_test,2020_2021,LGBM,0.0968691654348193,0.0116992594692956,0.8918504990785324,0.3636363636363636,0.0701341890286249,0.0134122335752131,0.8830875606779295,0.4090909090909091,-0.026734976406194405,Size / size
