analysis_mode,block,model,metric,baseline_difference_B_minus_A,positive_bearing_clusters_deleted,valid_deletions,strict_sign_reversals,post_delete_ties,minimum_difference,maximum_difference,largest_absolute_influence_cluster,largest_absolute_influence_ciks,largest_signed_influence,difference_after_most_influential_deletion
refit_vintages,2016_2017,LGBM,average_precision,0.028391200066429,51,51,0,0,0.0171577960853461,0.0420439172715318,18172,0000018172,0.0136527172051028,0.0420439172715318
refit_vintages,2016_2017,LGBM,retrospective_recall_at_5percent,0.0392156862745097,51,51,0,0,0.02,0.06,34115,0000034115,0.0207843137254902,0.06
refit_vintages,2016_2017,LR,average_precision,-6.144130198581024e-05,51,51,0,0,-7.309327677513383e-05,-2.6228912126933547e-05,1064728,0001064728,3.5212389858876696e-05,-2.6228912126933547e-05
refit_vintages,2016_2017,LR,retrospective_recall_at_5percent,0.0,51,51,0,51,0.0,0.0,18172,0000018172,0.0,0.0
refit_vintages,2018_2019,LGBM,average_precision,0.027675661568083,28,28,0,0,0.0132080179581565,0.0344896937225981,73887,0000073887,-0.0144676436099264,0.0132080179581565
refit_vintages,2018_2019,LGBM,retrospective_recall_at_5percent,0.1071428571428571,28,28,0,0,0.074074074074074,0.1481481481481481,1045425,0001045425,0.041005291005291,0.1481481481481481
refit_vintages,2018_2019,LR,average_precision,-0.0007176879376536,28,28,1,0,-0.0009267315231318,0.0001292458048428,1690769,0001690769,0.0008469337424965,0.0001292458048428
refit_vintages,2018_2019,LR,retrospective_recall_at_5percent,-0.1071428571428571,28,28,0,0,-0.1481481481481481,-0.074074074074074,1584952,0001584952,-0.041005291005291,-0.1481481481481481
refit_vintages,2020_2021,LGBM,average_precision,0.0176629053938387,44,44,1,0,-0.0007969746577426,0.0216860154902995,1211351,0001211351,-0.0184598800515813,-0.0007969746577426
refit_vintages,2020_2021,LGBM,retrospective_recall_at_5percent,0.1136363636363636,44,44,0,0,0.0930232558139535,0.1162790697674419,884940,0000884940,-0.0206131078224101,0.0930232558139535
refit_vintages,2020_2021,LR,average_precision,-9.61227333930552e-05,44,44,0,0,-0.0001264536129272,-3.9616214839156144e-05,1255474,0001255474,5.650651855389904e-05,-3.9616214839156144e-05
refit_vintages,2020_2021,LR,retrospective_recall_at_5percent,0.0227272727272727,44,44,0,1,0.0,0.0232558139534884,884940,0000884940,-0.0227272727272727,0.0
