analysis_mode,block,model,input_group,label_group,raw_rows,raw_positive_windows,distinct_ciks,distinct_clusters,weighted_mass,weighted_mass_denominator,weighted_score_changed_fraction,weighted_input_changed_fraction,weighted_rank_changed_fraction,score_difference_weighted_mean,score_difference_weighted_q05,score_difference_weighted_q25,score_difference_weighted_q50,score_difference_weighted_q75,score_difference_weighted_q95,absolute_score_difference_weighted_mean,absolute_score_difference_weighted_q05,absolute_score_difference_weighted_q25,absolute_score_difference_weighted_q50,absolute_score_difference_weighted_q75,absolute_score_difference_weighted_q95,weighted_midrank_difference_weighted_mean,weighted_midrank_difference_weighted_q05,weighted_midrank_difference_weighted_q25,weighted_midrank_difference_weighted_q50,weighted_midrank_difference_weighted_q75,weighted_midrank_difference_weighted_q95,absolute_weighted_midrank_difference_weighted_mean,absolute_weighted_midrank_difference_weighted_q05,absolute_weighted_midrank_difference_weighted_q25,absolute_weighted_midrank_difference_weighted_q50,absolute_weighted_midrank_difference_weighted_q75,absolute_weighted_midrank_difference_weighted_q95,raw_rank_difference_weighted_mean,raw_rank_difference_weighted_q05,raw_rank_difference_weighted_q25,raw_rank_difference_weighted_q50,raw_rank_difference_weighted_q75,raw_rank_difference_weighted_q95
refit_vintages,2016_2017,LGBM,inputs_changed,all,327,11,266,263,3456.1259999999997,12157.173999999995,1.0,1.0,1.0,-0.0001076359107526,-0.0001373149379135,-2.9749851932900066e-08,1.0765239471858675e-06,1.0438231733643456e-05,0.0006298317284782,0.0041322020069352,6.61613726427195e-08,7.22417187399239e-07,3.974199181441015e-06,3.933572981134457e-05,0.0012966163777168,0.0183665980795303,-0.210201647192019,-0.0481888307266155,0.0083305544528687,0.0887874106268463,0.266070552251703,0.1036749007093258,0.0045765570189256,0.0293514759268898,0.0722383343365823,0.1448132600553412,0.2995948729532098,11.37642059346216,-205.0,-57.0,9.0,81.0,234.0
refit_vintages,2016_2017,LGBM,inputs_unchanged,all,736,40,508,504,8701.047999999999,12157.173999999995,1.0,0.0,0.998098389987045,0.0006755601720334,-3.398405856227545e-05,-6.653727454019862e-08,1.5175592611901316e-06,8.25449884469763e-06,0.0001015273371236,0.0017394941063251,6.963573758240597e-08,9.312429459363808e-07,4.363161863897731e-06,1.436276540201289e-05,0.0002425043135418,-0.0072953599559748,-0.2711033008164614,-0.0864317644873713,0.0023107343861329,0.0837546620620893,0.227042403111122,0.1109565646534754,0.0034623178051083,0.0311088744802046,0.0839191739790857,0.1615268482626006,0.3156653018209715,-12.133231422237875,-253.0,-89.0,0.0,75.0,200.0
refit_vintages,2016_2017,LR,inputs_changed,all,327,11,266,263,3456.1259999999997,12157.173999999995,1.0,1.0,0.9137994390250818,1.0630023618896975e-05,-5.531652862527953e-05,-1.8390475650243224e-05,-1.0502124580800444e-06,8.45148115439327e-06,7.159776155609733e-05,3.5173089060104374e-05,3.1355925857526334e-07,3.911014311245965e-06,1.0690761709251928e-05,2.6050671272117546e-05,0.0001045746322792,-0.0003923445937769,-0.0072612269923916,-0.0011964951723155,0.0001645119169964,0.0024752463031292,0.0071789710338934,0.0039185014652227,0.0,0.0011142392138173,0.0014432630478102,0.003753997433943,0.0121294636401521,-0.1105549971268409,-9.0,-1.0,1.0,3.0,8.0
refit_vintages,2016_2017,LR,inputs_unchanged,all,736,40,508,504,8701.047999999999,12157.173999999995,1.0,0.0,0.8898420052389091,1.055388495522383e-07,-3.06616504485626e-05,-4.3540705716839465e-06,3.5792392092637526e-10,6.739120881806807e-06,2.7323916104152928e-05,1.134951230961098e-05,9.609152266860989e-08,1.1424707602749294e-06,5.728533276225679e-06,1.3748743069092429e-05,4.426028725004923e-05,0.0001558424170872,-0.0051150045232551,-0.0011142392138173,8.225595849825629e-05,0.0014432630478102,0.0047859806892622,0.0022328010591724,0.0,0.0011142392138172,0.0012787511308138,0.0035072295584483,0.0061469877785743,0.5218582864960635,-5.0,-1.0,1.0,2.0,5.0
refit_vintages,2018_2019,LGBM,inputs_changed,all,174,2,161,161,2043.348,11498.333999999995,1.0,1.0,1.0,0.000755968066334,-7.278072724479583e-05,-1.7635906250074523e-06,-1.714043620274083e-09,6.161050737954081e-07,0.000355984833288,0.0011624071986082,2.25317614995774e-08,1.5314407480834913e-07,9.78020563557642e-07,1.201645811038735e-05,0.0007315877277511,-0.004249750379652,-0.2501165821065895,-0.0710168968826279,0.0025301056657424,0.0608964742196576,0.1853064974456334,0.089342344756848,0.0025301056657424,0.0263052021275436,0.0681783987141096,0.1317314317013219,0.2592408604585662,-0.3761092090040467,-209.5,-56.0,4.0,60.0,164.0
refit_vintages,2018_2019,LGBM,inputs_unchanged,all,772,26,495,491,9454.985999999995,11498.333999999995,1.0,0.0,0.9982500238498504,0.0005716270351425,-8.113013037268307e-05,-1.9332527660441014e-06,-2.5877775448197736e-08,4.3810003788566433e-07,2.493280660531977e-05,0.0021501083188492,2.5877775448197736e-08,1.9113460331510688e-07,7.873511602712591e-07,5.453646973355757e-06,0.0003313939086817,0.0009184274771809,-0.1961701582159681,-0.0643437562345999,0.0014389910747067,0.066344046015709,0.210781492344895,0.0873927254457275,0.0040560658613673,0.0253010566574259,0.0647311166991683,0.1246234454487066,0.2512156978567496,5.324902860776316,-160.0,-53.0,4.0,63.0,179.0
refit_vintages,2018_2019,LR,inputs_changed,all,174,2,161,161,2043.348,11498.333999999995,1.0,1.0,1.0,-0.0002511841576263,-0.0075478864485907,-0.0002269103549299,0.0010848742863573,0.0015021310423603,0.0019067975764526,0.0020660976308832,0.0001354855104439,0.000921290112825,0.0014112286002354,0.001806800678713,0.0075478864485907,-0.0114141603017634,-0.130909225632168,-0.0484198841327804,-0.0063252641643565,0.0151806339944554,0.1106683803062272,0.0562701501073056,0.0012650528328712,0.0113854754958416,0.0432727036803775,0.0850194471651301,0.1407687409323847,-10.715884910450889,-115.0,-42.0,-7.0,13.0,100.0
refit_vintages,2018_2019,LR,inputs_unchanged,all,772,26,495,491,9454.985999999995,11498.333999999995,1.0,0.0,0.9969231049099384,-0.000339734817677,-0.0066640813330596,-0.0005157517757486,0.0008397631056951,0.0014499700659542,0.0018197926831198,0.0019387454076793,0.0002083991909352,0.0007757458962275,0.0013147707607138,0.0017721436871287,0.0066640813330596,0.0024667515768175,-0.1136333315765592,-0.0494240296028982,-0.0101204226629704,0.0356823866831498,0.1599184716672899,0.0604094344062086,0.0025301056657426,0.0154415413572088,0.0457158402252021,0.0919534951759106,0.160527255513713,1.413254551619643,-97.0,-45.0,-12.0,30.0,138.0
refit_vintages,2020_2021,LGBM,inputs_changed,all,134,3,122,122,1881.434,11397.333999999995,1.0,1.0,1.0,0.000605657662687,-0.0021246982780538,4.763750780367309e-06,2.6295398021495067e-05,0.0002959449701086,0.0034027231242772,0.0045442253135944,1.8763706515945133e-06,1.0288500497217166e-05,4.357807102299611e-05,0.0005709186195781,0.0119047343118068,0.0270183014271171,-0.2080309307422286,-0.0626246453775937,0.0053682729662919,0.1136751805290626,0.4047509707094737,0.1314104159555602,0.0037410503193116,0.0317709387125095,0.0879663612560625,0.1813171396047537,0.4150488175568154,23.131486408771188,-163.0,-54.0,7.0,91.0,319.0
refit_vintages,2020_2021,LGBM,inputs_unchanged,all,711,41,437,437,9515.899999999996,11397.333999999995,1.0,0.0,0.9984714004981136,0.0022549756059187,-1.5473245125928208e-05,7.218113217021825e-06,3.85111078642231e-05,0.0002066047214001,0.0021652363981405,0.0053267523781862,2.614253723074098e-06,1.0373437633831543e-05,5.114114890667566e-05,0.0002525966713981,0.0032009032497142,-0.0053419173096845,-0.2782254165754959,-0.0880621731362809,-0.0018027022810773,0.0869613893915882,0.2339071575861553,0.1128432893651793,0.0051050535151465,0.0304548414567824,0.0872246088427336,0.1671905026210533,0.3116714838750946,-2.7940462804359005,-218.0,-72.0,0.0,71.0,187.0
refit_vintages,2020_2021,LR,inputs_changed,all,134,3,122,122,1881.434,11397.333999999995,1.0,1.0,0.860835936843918,-5.079627067108349e-05,-0.0007234186239262,-2.365703209642779e-05,-2.625328374996326e-07,1.733604850283777e-05,0.0011043239297795,0.0003541772962621,3.175491218390409e-07,5.650284430732495e-06,2.004868116361937e-05,0.0001221097432501,0.0024416605920221,0.0027308151011026,-0.0747251945060125,-0.0051050535151465,-0.0012762633787866,0.0012762633787867,0.1542922230760264,0.0351731261008788,0.0,0.0012762633787866,0.0026402665746217,0.0106488061155354,0.2515514593149591,2.226093501021027,-66.0,-4.0,-1.0,1.0,133.0
refit_vintages,2020_2021,LR,inputs_unchanged,all,711,41,437,437,9515.899999999996,11397.333999999995,1.0,0.0,0.7971739930011876,-1.2916442252049468e-05,-8.835936039665315e-05,-1.8845778512949392e-05,-1.878011131338118e-06,2.2377991965019856e-06,2.576928868437993e-05,2.3375831695119644e-05,2.1101947200383167e-07,2.0245889274881496e-06,7.728597612692654e-06,2.571491866601959e-05,0.0001015262092696,-0.0005399224854115,-0.0063813168939332,-0.0012762633787867,0.0,0.0012762633787867,0.00382879013636,0.0022845471223098,0.0,0.0012762633787866,0.0012762633787867,0.0025525267575733,0.0063813168939333,-0.4202023980916152,-5.0,-1.0,0.0,1.0,3.0
frozen_A_inputs,2016_2017,LGBM,inputs_changed,all,327,11,266,263,3456.1259999999997,12157.173999999995,0.2458174267952037,1.0,0.9651725660464924,0.0026979886735746,-8.955562529463884e-06,0.0,0.0,0.0,1.48486403323624e-05,0.002937616943665,0.0,0.0,0.0,0.0,7.449358408182486e-05,-0.0006552920129084,-0.0698826881971092,-0.0011964951723156,8.225595849808975e-05,0.0024752463031292,0.0662185142698469,0.0209971967125001,8.225595849808975e-05,0.0011142392138174,0.0013610070893119,0.0035894855169466,0.1217508279473521,-0.8329126310788428,-73.0,-1.0,1.0,3.0,68.5
frozen_A_inputs,2016_2017,LGBM,inputs_unchanged,all,736,40,508,504,8701.047999999999,12157.173999999995,0.0,0.0,0.94345301853294,0.0,0.0,0.0,0.0,0.0,0.0,0.0,0.0,0.0,0.0,0.0,0.0,0.0002602872393537,-0.0024752463031293,-0.0011964951723155,8.225595849808975e-05,0.0012787511308136,0.0035894855169465,0.0014213128922204,1.1102230246251563e-16,0.0011142392138173,0.0011964951723156,0.002392990344631,0.0035894855169466,0.4258058339639087,-3.0,-1.0,0.0,2.0,4.0
frozen_A_inputs,2016_2017,LR,inputs_changed,all,327,11,266,263,3456.1259999999997,12157.173999999995,0.9789562070364332,1.0,0.7546032754592861,1.464286130639336e-05,-2.3016666942546164e-05,-1.92281821989734e-06,-1.4297838923232886e-08,1.7919193325997493e-08,2.909604498173204e-05,2.3405573127599907e-05,4.4119900007716366e-11,1.4297838923232886e-08,9.30082037711808e-07,8.901915661041742e-06,7.07672851988693e-05,-0.0004231748459548,-0.0047037247307639,0.0,8.225595849820078e-05,0.0011964951723155,0.0061469877785743,0.002562995628928,0.0,8.225595849820078e-05,0.0001645119169965,0.001361007089312,0.0097364732955209,-0.0930614219504729,-5.0,0.0,1.0,2.0,7.0
frozen_A_inputs,2016_2017,LR,inputs_unchanged,all,736,40,508,504,8701.047999999999,12157.173999999995,0.0,0.0,0.6974860959277549,0.0,0.0,0.0,0.0,0.0,0.0,0.0,0.0,0.0,0.0,0.0,0.0,0.0001680884403408,-0.0011964951723155,0.0,8.225595849820078e-05,8.22559584983118e-05,0.0012787511308138,0.000536776818171,0.0,0.0,8.225595849825629e-05,0.0011964951723155,0.0012787511308138,0.6052054878906541,-1.0,0.0,1.0,1.0,2.0
frozen_A_inputs,2018_2019,LGBM,inputs_changed,all,174,2,161,161,2043.348,11498.333999999995,0.3932193635151721,1.0,0.7987185736350344,0.0001770387512158,-9.244038165648073e-06,0.0,0.0,0.0,6.030565245372096e-06,0.000374627453599,0.0,0.0,0.0,1.8378488932113898e-07,2.657859785824833e-05,-0.0032002172849377,-0.127635881859058,-0.0012650528328713,0.0,0.0013520219537891,0.0721080114736636,0.0242160019324659,0.0,0.0001739382418357,0.0013520219537891,0.0126505283287129,0.1499479837687794,-2.3530367808126664,-112.0,-1.0,0.0,2.0,60.0
frozen_A_inputs,2018_2019,LGBM,inputs_unchanged,all,772,26,495,491,9454.985999999995,11498.333999999995,0.0,0.0,0.7062720135175241,0.0,0.0,0.0,0.0,0.0,0.0,0.0,0.0,0.0,0.0,0.0,0.0,0.0006916094417001,-0.0012650528328713,0.0,8.69691209177681e-05,0.0013520219537891,0.0037951584986138,0.0012631864593986,0.0,5.551115123125783e-17,0.0012650528328712,0.0013520219537891,0.0037951584986138,0.9125391618771304,-1.0,0.0,1.0,2.0,4.0
frozen_A_inputs,2018_2019,LR,inputs_changed,all,174,2,161,161,2043.348,11498.333999999995,0.9928812909010114,1.0,0.7336714059474941,7.317701453271987e-05,-9.459510832872386e-06,-4.08493474783958e-08,8.424948727591211e-09,2.3733608124226497e-06,0.0003124521448067,7.81697749240684e-05,8.259846899331956e-10,1.8064778365247183e-08,7.483110952902217e-07,1.056912670045502e-05,0.0003124521448067,-0.0072250772342976,-0.0325829811518778,0.0,0.0011780837119533,0.0025301056657426,0.0050602113314851,0.010127731221785,0.0,0.0,0.0025301056657425,0.0037951584986138,0.0325829811518778,-6.477758071557073,-33.0,0.0,1.0,2.0,4.0
frozen_A_inputs,2018_2019,LR,inputs_unchanged,all,772,26,495,491,9454.985999999995,11498.333999999995,0.0,0.0,0.6575802439051734,0.0,0.0,0.0,0.0,0.0,0.0,0.0,0.0,0.0,0.0,0.0,0.0,0.0015614351112257,0.0,0.0,0.0012650528328712,0.0025301056657425,0.0037951584986138,0.0015742931739616,0.0,0.0,0.0012650528328712,0.0025301056657425,0.0037951584986138,1.2767187598162495,0.0,0.0,1.0,2.0,4.0
frozen_A_inputs,2020_2021,LGBM,inputs_changed,all,134,3,122,122,1881.434,11397.333999999995,0.5283884526377223,1.0,0.91495529473795,0.0007534334181089,-3.649292841434217e-05,0.0,0.0,1.0801916725128976e-06,0.0005126678982352,0.0008835677608483,0.0,0.0,2.3437627864583392e-08,7.6172512260704255e-06,0.0008789995093459,0.0018289445327923,-0.1495860347691866,-0.0229727408181601,-0.0012762633787866,0.0026402665746217,0.2287143642539605,0.059150915954169,0.0,0.0012762633787867,0.0026402665746217,0.0587958552412356,0.3540513948261964,1.2627708439413772,-120.0,-18.0,-1.0,3.0,182.0
frozen_A_inputs,2020_2021,LGBM,inputs_unchanged,all,711,41,437,437,9515.899999999996,11397.333999999995,0.0,0.0,0.8194724618795911,0.0,0.0,0.0,0.0,0.0,0.0,0.0,0.0,0.0,0.0,0.0,0.0,-0.0003616093515179,-0.0025525267575733,-0.0012762633787867,-0.0011885235617382,0.0012762633787866,0.0026402665746217,0.0016457583118362,0.0,0.0012762633787866,0.0012762633787867,0.0025525267575733,0.0038287901363599,-0.19130444834435,-2.0,-1.0,0.0,1.0,3.0
frozen_A_inputs,2020_2021,LR,inputs_changed,all,134,3,122,122,1881.434,11397.333999999995,0.9922686631579956,1.0,0.8293790799996175,-3.139526485886616e-05,-0.0007261795432786,-1.992670860442424e-07,6.4781348653453205e-09,2.383193571647152e-05,0.0011136225599245,0.000348939361807,8.681709344482423e-11,3.0655621681657634e-08,4.097659122693272e-06,0.0001171933950543,0.0024766126000337,0.0025875551924553,-0.0747251945060125,-0.0038287901363599,-0.0012762633787866,0.0,0.1542922230760264,0.0347624648808572,0.0,0.0012762633787866,0.0025525267575733,0.0106488061155354,0.2580205160259407,2.1426433241878278,-66.0,-3.0,-1.0,0.0,133.0
frozen_A_inputs,2020_2021,LR,inputs_unchanged,all,711,41,437,437,9515.899999999996,11397.333999999995,0.0,0.0,0.6728893746256268,0.0,0.0,0.0,0.0,0.0,0.0,0.0,0.0,0.0,0.0,0.0,0.0,-0.0005115978852196,-0.0025525267575733,-0.0012762633787866,0.0,0.0,0.0025525267575733,0.0012048972960739,0.0,0.0,0.0012762633787866,0.0012762633787867,0.0025525267575734,-0.4008560409420024,-2.0,-1.0,0.0,0.0,2.0
