experiment,block,model,A_average_precision,A_brier,A_roc_auc,A_retrospective_recall_at_5percent,B_average_precision,B_brier,B_roc_auc,B_retrospective_recall_at_5percent,delta_AP,cap
cap_90,2016_2017,LR,0.0075927283685047,0.0041775802073978,0.6977321152130224,0.0502882352941162,0.0075849534074654,0.0041775842792819,0.6976062193150236,0.0392156862745098,-7.774961039299678e-06,90
cap_90,2016_2017,LGBM,0.2474686198347409,0.003819010233126,0.9662456690345302,0.7450980392156863,0.2612204972124801,0.0037846480815435,0.9643696015007248,0.7843137254901961,0.013751877377739197,90
cap_90,2018_2019,LR,0.0098266506870539,0.0024212424343586,0.8129494373423296,0.2857142857142857,0.0098322889764141,0.0024212485289875,0.8131368275762519,0.2857142857142857,5.6382893602012485e-06,90
cap_90,2018_2019,LGBM,0.2331171702015939,0.003504528880301,0.9556901930044688,0.75,0.2472145576448852,0.0037479626036937,0.9472647004001806,0.75,0.01409738744329131,90
cap_90,2020_2021,LR,0.0182811112431999,0.0038262486743972,0.8198845378811208,0.3863636363636363,0.0181886161896531,0.0038262635211005,0.8197118293021415,0.3863636363636363,-9.24950535468004e-05,90
cap_90,2020_2021,LGBM,0.118611059034474,0.0070769062291371,0.916931973862961,0.6136363636363636,0.1137294777717413,0.0075953357172242,0.9204813237319468,0.5454545454545454,-0.004881581262732693,90
cap_365,2016_2017,LR,0.0075927283685047,0.0041775802073978,0.6977321152130224,0.0502882352941162,0.0075851915225541,0.0041776046023141,0.6975437880364407,0.0392156862745098,-7.536845950600196e-06,365
cap_365,2016_2017,LGBM,0.2474686198347409,0.003819010233126,0.9662456690345302,0.7450980392156863,0.2250556321322897,0.0039417615343271,0.9581806608695344,0.7647058823529411,-0.022412987702451176,365
cap_365,2018_2019,LR,0.0098266506870539,0.0024212424343586,0.8129494373423296,0.2857142857142857,0.00980425924769,0.0024212554551595,0.8130524733256634,0.2857142857142857,-2.2391439363899507e-05,365
cap_365,2018_2019,LGBM,0.2331171702015939,0.003504528880301,0.9556901930044688,0.75,0.1212328229101277,0.0038272144332539,0.9505601705109152,0.7142857142857143,-0.1118843472914662,365
cap_365,2020_2021,LR,0.0182811112431999,0.0038262486743972,0.8198845378811208,0.3863636363636363,0.0180114912189977,0.0038263579074877,0.8202048402698289,0.3636363636363636,-0.00026962002420220094,365
cap_365,2020_2021,LGBM,0.118611059034474,0.0070769062291371,0.916931973862961,0.6136363636363636,0.0980920290934247,0.0081984789442226,0.9186537788651502,0.6363636363636364,-0.020519029941049302,365
cap_730,2016_2017,LR,0.0075927283685047,0.0041775802073978,0.6977321152130224,0.0502882352941162,0.0075835432001483,0.0041776111922155,0.6973756320616301,0.0392156862745098,-9.185168356400097e-06,730
cap_730,2016_2017,LGBM,0.2474686198347409,0.003819010233126,0.9662456690345302,0.7450980392156863,0.2166117748274321,0.0040238101545326,0.96121526868172,0.7647058823529411,-0.030856845007308786,730
cap_730,2018_2019,LR,0.0098266506870539,0.0024212424343586,0.8129494373423296,0.2857142857142857,0.0098109885726247,0.0024212085253762,0.8138224160317782,0.2857142857142857,-1.5662114429198376e-05,730
cap_730,2018_2019,LGBM,0.2331171702015939,0.003504528880301,0.9556901930044688,0.75,0.2669335670568706,0.0033577261750039,0.945718014837232,0.75,0.03381639685527671,730
cap_730,2020_2021,LR,0.0182811112431999,0.0038262486743972,0.8198845378811208,0.3863636363636363,0.0180027173621772,0.0038263825392503,0.820088366673935,0.3409090909090909,-0.000278393881022701,730
cap_730,2020_2021,LGBM,0.118611059034474,0.0070769062291371,0.916931973862961,0.6136363636363636,0.1352082201286887,0.0064468244616871,0.9339447577889703,0.6363636363636364,0.01659716109421469,730
