domain,label,exposure_group,label_denominator_raw_n,label_denominator_weighted_mass,raw_n,weighted_mass,within_label_raw_fraction,within_label_weighted_fraction,distinct_ciks,distinct_sampling_clusters,A_missing_raw_components_weighted_mean,A_missing_raw_components_weighted_median,A_missing_model_inputs_weighted_mean,A_missing_model_inputs_weighted_median,A_log_assets_weighted_mean,A_log_assets_weighted_median,A_assets_weighted_mean,A_assets_weighted_median,continuity_known_raw_n,continuity_unknown_raw_n,continuity_known_weighted_mass,continuity_positive_raw_n,continuity_within_known_weighted_fraction
full_cohort,0,no_later_bundle,5314,63209.60399999999,1266,15448.661999999997,0.2382386149792999,0.2444037143469527,759,751,1.7258505623334888,1,1.507506345857007,1,17.764679058105312,18.91429103049876,5947171148.97006,163822000.0000002,1266,0,15448.661999999997,609,0.4576734218147824
full_cohort,0,later_without_raw_change,5314,63209.60399999999,2766,33894.70799999999,0.5205118554761009,0.5362271847170565,768,759,1.9897837739153852,1,1.7163868176707706,1,19.292626636097285,20.01880489648619,11945478603.07547,494374999.99999946,2766,0,33894.70799999999,1887,0.6883174211148241
full_cohort,0,later_with_raw_change,5314,63209.60399999999,1282,13866.233999999997,0.2412495295445991,0.2193691009359906,608,601,1.7135976502343755,1,1.473377991457522,1,19.61201361269577,20.277008421377328,19287689330.744915,640019000.000001,1282,0,13866.233999999997,801,0.6448864197733862
full_cohort,1,no_later_bundle,188,188.0,108,108.0,0.574468085106383,0.574468085106383,108,108,1.0740740740740742,1,0.9722222222222222,1,20.936634968600448,20.749788968236626,2925565984.268518,1026877999.9999982,108,0,108.0,11,0.1018518518518518
full_cohort,1,later_without_raw_change,188,188.0,55,55.0,0.2925531914893617,0.2925531914893617,55,55,1.3272727272727274,1,1.2181818181818185,1,21.57180922483727,21.49953421254065,4465651727.272726,2173346999.9999976,55,0,55.0,17,0.309090909090909
full_cohort,1,later_with_raw_change,188,188.0,25,25.0,0.1329787234042553,0.1329787234042553,25,25,1.24,1,1.16,1,21.73478538095567,21.71995502859144,4080595600.0,2709296999.9999986,25,0,25.0,5,0.2
2016_2017,0,no_later_bundle,1012,12106.173999999995,208,2646.279999999999,0.2055335968379446,0.2185892917118157,188,188,2.0602929395226512,2,1.8176791571564617,1,17.118803349130804,17.94238684518886,1762807612.7804132,61984000.000000045,208,0,2646.279999999999,76,0.3563281285427091
2016_2017,0,later_without_raw_change,1012,12106.173999999995,488,6014.767999999998,0.4822134387351778,0.4968347555553059,364,362,2.3150698414302933,2,2.033373855816218,2,19.071852236728045,19.814228733783565,16880024334.989653,402912000.0000005,488,0,6014.767999999998,330,0.6832073988556167
2016_2017,0,later_with_raw_change,1012,12106.173999999995,316,3445.1259999999997,0.3122529644268774,0.2845759527328783,256,253,1.781950500504191,1,1.5096980487796383,1,20.12025297180796,20.92899544179348,7638794096.02749,1228421000.0000005,316,0,3445.1259999999997,202,0.6759468303916896
2016_2017,1,no_later_bundle,51,51.0,32,32.0,0.6274509803921569,0.6274509803921569,32,32,1.5625,1,1.5,1,20.61869946860746,20.63220153065057,1342167843.7500002,912959000.0,32,0,32.0,8,0.25
2016_2017,1,later_without_raw_change,51,51.0,8,8.0,0.1568627450980392,0.1568627450980392,8,8,2.375,2,2.25,2,21.114505836423856,21.066975392310106,1909193249.999999,1410169000.0000005,8,0,8.0,3,0.375
2016_2017,1,later_with_raw_change,51,51.0,11,11.0,0.2156862745098039,0.2156862745098039,11,11,1.6363636363636365,2,1.5454545454545454,2,21.943106039815817,22.30430427485881,5461780363.636366,4860000000.000008,11,0,11.0,2,0.1818181818181818
2018_2019,0,no_later_bundle,918,11470.333999999995,318,3921.235999999999,0.3464052287581699,0.3418589205859219,285,284,1.386696949635268,1,1.196745107920054,1,18.996399353990306,19.767163017091345,15690220272.55607,384387999.9999997,318,0,3921.235999999999,184,0.5823750470514911
2018_2019,0,later_without_raw_change,918,11470.333999999995,428,5507.749999999998,0.4662309368191721,0.4801734631267058,336,336,1.8651438427670104,1,1.5580609141664024,1,19.532494106022767,20.35174842944905,7407248682.062093,689686999.9999999,428,0,5507.749999999998,281,0.6683393400208798
2018_2019,0,later_with_raw_change,918,11470.333999999995,172,2041.3479999999995,0.1873638344226579,0.1779676162873723,159,159,1.5388351226738413,1,1.286496961811509,1,19.15270215118835,19.614506238025964,22104435925.38002,329967999.9999995,172,0,2041.3479999999995,105,0.6221163662442661
2018_2019,1,no_later_bundle,28,28.0,16,16.0,0.5714285714285714,0.5714285714285714,16,16,0.5625,0,0.5,0,21.042298080575385,20.458028649585145,6137587999.999995,767024000.000001,16,0,16.0,0,0.0
2018_2019,1,later_without_raw_change,28,28.0,10,10.0,0.3571428571428571,0.3571428571428571,10,10,0.6999999999999998,0,0.6999999999999998,0,21.376351027669635,21.029153674152475,2913512199.999999,1357829999.999998,10,0,10.0,2,0.2
2018_2019,1,later_with_raw_change,28,28.0,2,2.0,0.0714285714285714,0.0714285714285714,2,2,1.0,0,1.0,0,21.79593152879644,21.716443533139,2932400999.999996,2699799999.9999967,2,0,2.0,0,0.0
2020_2021,0,no_later_bundle,801,11353.333999999995,107,1502.2379999999996,0.1335830212234706,0.1323169035633057,100,100,1.5796418410398352,1,1.3182039064382611,1,17.996363055885197,19.1373295842974,2721864297.455819,204755999.99999973,107,0,1502.2379999999996,44,0.4080125785661128
2020_2021,0,later_without_raw_change,801,11353.333999999995,563,7972.661999999998,0.7028714107365793,0.7022309041555547,352,352,1.4637954048472144,1,1.2099411714681998,1,19.819058947694344,20.478004480378583,8461756806.645208,782500000.0000008,563,0,7972.661999999998,384,0.6836115716431977
2020_2021,0,later_with_raw_change,801,11353.333999999995,131,1878.4339999999995,0.16354556803995,0.1654521922811396,119,119,1.5503339483846654,1,1.3716968496098347,1,18.896463148407207,19.259328197219325,51779962497.64784,231323610.0000003,131,0,1878.4339999999995,80,0.6194947493497243
2020_2021,1,no_later_bundle,44,44.0,20,20.0,0.4545454545454545,0.4545454545454545,20,20,0.75,0,0.55,0,21.178732766949476,21.22343488052387,2102246799.9999988,1648999999.999998,20,0,20.0,0,0.0
2020_2021,1,later_without_raw_change,44,44.0,21,21.0,0.4772727272727272,0.4772727272727272,21,21,1.0476190476190477,1,0.9523809523809524,1,22.15865342482892,22.4869762503587,7261164999.999998,5834044000.000003,21,0,21.0,7,0.3333333333333333
2020_2021,1,later_with_raw_change,44,44.0,3,3.0,0.0681818181818181,0.0681818181818181,3,3,1.0,0,1.0,0,21.15625872076376,21.235005043268742,2038972666.666668,1668190000.000002,3,0,3.0,1,0.3333333333333333
