feature,subset,measure,raw_n,weighted_mass,observed_pair_raw_denominator,observed_pair_weighted_denominator,weighted_q5,weighted_q25,weighted_q50,weighted_q75,weighted_q95,weighted_q99,max,amplitude_median,amplitude_q95,sign_flips
assets,same_sign_nonzero_changed,multiplicative_fold,635,6121.129999999999,5502,63397.60399999999,1.0000021407513533,1.0008372282685851,1.0040783034257754,1.016529129412309,2.286744795828757,358.66037713086155,1021.3610298864568,0.0040617384240454,0.5626971571886381,0
cash,same_sign_nonzero_changed,multiplicative_fold,202,2206.807999999999,5062,57471.473999999995,1.0000041447473296,1.0003157914290497,1.0373766301872218,1.4935843500210335,45.63519108928597,281.03527429004845,1000.000000000001,0.0360299519958113,0.979167825153536,0
current_assets,same_sign_nonzero_changed,multiplicative_fold,412,4096.511999999999,4283,46912.261999999995,1.000007179936388,1.0024437271404072,1.0151250356507862,1.0581217799056244,27.61449323039692,525.8351688693112,1032.3426738371547,0.0148996774974519,0.9717501148369316,0
current_liabilities,same_sign_nonzero_changed,multiplicative_fold,395,3984.689999999999,4252,46447.79,1.0000042036301495,1.001829978372984,1.013164358852773,1.1112177417947702,4.8166559209112405,1000.0,2281.653473589617,0.0129933102539039,0.7923870800779943,0
equity,same_sign_nonzero_changed,multiplicative_fold,320,3584.586,5215,60211.75999999998,1.0000020670815333,1.0011527377521618,1.0153569430781413,1.0913312693498465,5.443649286792264,1000.0,1167.56157200837,0.0195711013949614,1.0293111371136647,22
liabilities,same_sign_nonzero_changed,multiplicative_fold,486,5037.455999999998,4132,49348.54799999998,1.0000083032007483,1.0015749574345856,1.0078896538447084,1.0456942003514973,5.703896787285267,302.67685099897614,1435.0000000000014,0.0078278944670332,0.8246812596207681,0
net_income,same_sign_nonzero_changed,multiplicative_fold,292,3177.298,5227,60359.219999999994,1.0000028725396712,1.003651765904822,1.0541624874623898,1.231147067321585,5.098039215686272,153.35616214449172,2483.9267196681644,0.0622222222222222,1.0080153318816072,16
operating_cash,same_sign_nonzero_changed,multiplicative_fold,355,4053.057999999999,4159,48644.063999999984,1.0000097083443122,1.0017697152852492,1.0190328266952648,1.086021505376344,3.190172364536705,125.50470809792844,1000.0,0.0212066905615292,1.2673167933457623,22
operating_income,same_sign_nonzero_changed,multiplicative_fold,412,4150.695999999999,4140,45550.12199999998,1.0000083215692084,1.0104384964320765,1.0572337042925273,1.2505534697390115,4.632809879067689,76.27873319924812,1016.6902542579676,0.0619269744249638,1.1214232765011118,27
retained_earnings,same_sign_nonzero_changed,multiplicative_fold,283,3087.0219999999995,4871,55370.48799999999,1.000001805258972,1.0019973368841564,1.0198802484103224,1.1347936350470813,90.07062960890805,1000.000000000001,9622.599999999991,0.0216784496762532,1.0179996651049328,18
revenue,same_sign_nonzero_changed,multiplicative_fold,330,3269.4819999999995,4069,45573.94399999999,1.0000081570831592,1.0041841004184102,1.041500368992576,1.3415296748666783,8.843486649314734,924.9999999999997,1000.0,0.0399562408835174,0.9380143764975518,0
