experiment,block,model,A_average_precision,A_brier,A_roc_auc,A_retrospective_recall_at_5percent,B_average_precision,B_brier,B_roc_auc,B_retrospective_recall_at_5percent,delta_AP,configuration
grid_fixed_LGBM_0,2016_2017,LGBM,0.2474686198347409,0.003819010233126,0.9662456690345302,0.7450980392156863,0.2017595156910985,0.004238524852006,0.962345986501129,0.7647058823529411,-0.045709104143642376,7 / 30
grid_fixed_LGBM_0,2018_2019,LGBM,0.2331171702015939,0.003504528880301,0.9556901930044688,0.75,0.2615732071393534,0.003385019019346,0.9450137446489606,0.8214285714285714,0.0284560369377595,7 / 30
grid_fixed_LGBM_0,2020_2021,LGBM,0.118611059034474,0.0070769062291371,0.916931973862961,0.6136363636363636,0.1062612977997975,0.0065401389506012,0.9266575191200952,0.5681818181818182,-0.012349761234676501,7 / 30
grid_fixed_LGBM_1,2016_2017,LGBM,0.3147954889386994,0.0038148420614842,0.9778442979331272,0.803921568627451,0.2758598199011699,0.0039163578553058,0.9721828081517844,0.7843137254901961,-0.038935669037529486,7 / 60
grid_fixed_LGBM_1,2018_2019,LGBM,0.2379760429835948,0.003112075035868,0.968926954150968,0.8214285714285714,0.212373627160809,0.0037254601914469,0.9688349590716864,0.8571428571428571,-0.0256024158227858,7 / 60
grid_fixed_LGBM_1,2020_2021,LGBM,0.056197095765699,0.0080732500891955,0.910942315590854,0.5227272727272727,0.0915595200507912,0.0083453379713079,0.926267693701252,0.5909090909090909,0.035362424285092196,7 / 60
grid_fixed_LGBM_2,2016_2017,LGBM,0.3049630856033646,0.0037482293451751,0.9643149607697988,0.803921568627451,0.2851716030487611,0.0037563666632243,0.964851533524928,0.803921568627451,-0.0197914825546035,15 / 30
grid_fixed_LGBM_2,2018_2019,LGBM,0.1556441763943111,0.0037633278262219,0.9401297169849512,0.6785714285714286,0.1833198379623941,0.0040047212130562,0.9469912558779898,0.7857142857142857,0.027675661568082988,15 / 30
grid_fixed_LGBM_2,2020_2021,LGBM,0.1089236860466421,0.0083155301576199,0.9125361886088832,0.5454545454545454,0.103267054787644,0.0067019102402814,0.9165101194063356,0.5909090909090909,-0.005656631258998096,15 / 30
grid_fixed_LGBM_3,2016_2017,LGBM,0.2979786799485332,0.0044498087995998,0.9769818664912828,0.8235294117647058,0.2972666019198502,0.0043157708973546,0.9747609514182196,0.8627450980392157,-0.0007120780286830053,15 / 60
grid_fixed_LGBM_3,2018_2019,LGBM,0.2165316993571367,0.0032470182137742,0.9686897459630586,0.8214285714285714,0.3518124116417178,0.0024933223797983,0.9674572684631506,0.8571428571428571,0.13528071228458108,15 / 60
grid_fixed_LGBM_3,2020_2021,LGBM,0.0738966146569525,0.0071171571911158,0.8971454752650398,0.4772727272727273,0.0425961113153619,0.0073170610552978,0.9038869311228522,0.4772727272727273,-0.0313005033415906,15 / 60
