year,ASSISTANCE,FAILURE
1934,0,9
1935,0,25
1936,0,69
1937,0,75
1938,0,74
1939,0,60
1940,0,43
1941,0,15
1942,0,20
1943,0,5
1944,0,2
1945,0,1
1946,0,1
1947,0,5
1948,0,3
1949,0,4
1950,0,4
1951,0,2
1952,0,3
1953,0,2
1954,0,2
1955,0,5
1956,0,2
1957,0,1
1958,0,4
1959,0,3
1960,0,1
1961,0,5
1962,0,1
1963,0,2
1964,0,7
1965,0,5
1966,0,7
1967,0,4
1968,0,3
1969,0,9
1970,0,7
1971,1,6
1972,1,1
1973,0,6
1974,0,4
1975,0,13
1976,1,16
1977,1,5
1978,0,7
1979,0,10
1980,12,10
1981,31,9
1982,85,34
1983,49,50
1984,23,83
1985,41,139
1986,42,162
1987,45,217
1988,238,232
1989,4,530
1990,1,381
1991,3,268
1992,2,179
1993,0,50
1994,0,15
1995,0,8
1996,0,6
1997,0,1
1998,0,3
1999,0,8
2000,0,7
2001,0,4
2002,0,11
2003,0,3
2004,0,4
2005,0,0
2006,0,0
2007,0,3
2008,5,25
2009,8,140
2010,0,157
2011,0,92
2012,0,51
2013,0,24
2014,0,18
2015,0,8
2016,0,5
2017,0,8
2018,0,0
2019,0,4
2020,0,4
2021,0,0
2022,0,0
2023,0,5
2024,0,2
2025,0,2
2026,0,4
