CERT,latest_sample_name,financial_rows,first_report,last_report,failure_matches,failure_date,reports_before_failure,reports_on_or_after_failure,last_pre_failure_quarter,last_pre_failure_ASSET,failure_QBFASSET,rows_real_ENDEFYMD_after_REPDTE,rows_ENDEFYMD_sentinel_99991231
628,JPMORGAN CHASE BANK NA,170,1984-03-31,2026-06-30,0,,0,,,,,0,170
3510,BANK OF AMERICA NA,170,1984-03-31,2026-06-30,0,,0,,,,,0,170
3511,WELLS FARGO BANK NA,170,1984-03-31,2026-06-30,0,,0,,,,,0,170
4134,FIRST NB OF LINDSAY,163,1984-03-31,2024-09-30,1,2024-10-18,163,0.0,2024-09-30,114298.0,107850.0,163,0
5520,SANTA ANNA NATIONAL BANK,165,1984-03-31,2025-03-31,1,2025-06-27,165,0.0,2025-03-31,76938.0,76938.0,6,159
8758,CITIZENS BANK,159,1984-03-31,2023-09-30,1,2023-11-03,159,0.0,2023-09-30,65558.0,60448.0,159,0
24735,SILICON VALLEY BANK,156,1984-03-31,2022-12-31,1,2023-03-10,156,0.0,2022-12-31,209026000.0,209026000.0,156,0
25744,SMALL BUSINESS BANK,166,1984-12-31,2026-03-31,1,2026-07-17,166,0.0,2026-03-31,72947.0,72947.0,10,156
25796,COMMUNITY B&T WEST GEORGIA,166,1984-12-31,2026-03-31,1,2026-05-01,166,0.0,2026-03-31,292567.0,305716.0,10,156
25851,HEARTLAND TRI-STATE BANK,153,1985-03-31,2023-03-31,1,2023-07-28,153,0.0,2023-03-31,139446.0,139446.0,153,0
27332,REPUBLIC BANK,142,1988-09-30,2023-12-31,1,2024-04-26,142,0.0,2023-12-31,5866190.0,5866190.0,142,0
28611,PULASKI SAVINGS BANK,163,1984-03-31,2024-09-30,1,2025-01-17,163,0.0,2024-09-30,49466.0,49466.0,163,0
57053,SIGNATURE BANK,87,2001-06-30,2022-12-31,1,2023-03-12,87,0.0,2022-12-31,110363650.0,110363650.0,87,0
57488,METROPOLITAN CAPITAL B&T,84,2005-03-31,2025-12-31,1,2026-01-30,84,0.0,2025-12-31,235465.0,261185.0,9,75
59017,FIRST REPUBLIC BANK,51,2010-09-30,2023-03-31,1,2023-05-01,51,0.0,2023-03-31,232944161.0,212638872.0,51,0
