PrimaryKey,NameCorp,CikBefore,normalized_cik,DateFiled,Date10kBefore,Date10kBeforeLink,CaseNum,Chapter,DistFiled,AssetsBefore,Refile
1232,"Armstrong Flooring, Inc.",1655075.0,0001655075,5/8/2022,12/31/2021,12/31/2021#https://www.sec.gov/Archives/edgar/data/1655075/000165507522000005/0001655075-22-000005-index.htm#,22-10426,11,DE,517.0,
1229,"Basic Energy Services, Inc. (2021)",1109189.0,0001109189,8/17/2021,12/31/2020,12/31/2020#https://www.sec.gov/Archives/edgar/data/1109189/000110918921000033/0001109189-21-000033-index.htm#,21-90002,11,TX SD,349.073,
1236,"Clovis Oncology, Inc.",1466301.0,0001466301,12/11/2022,12/31/2021,12/31/2021#https://www.sec.gov/Archives/edgar/data/1466301/000155837022001810/0001558370-22-001810-index.htm#,22-11292,11,DE,472.833,
1234,Endo International plc,1593034.0,0001593034,8/16/2022,12/31/2021,12/31/2021#https://www.sec.gov/Archives/edgar/data/1593034/000159303422000012/0001593034-22-000012-index.htm#,22-22549,11,NY SD,8767.415,
1223,"Ferrellgas Partners, L.P. (Ferrellgas Partners Finance Corp.)",922358.0,0000922358,1/11/2021,7/31/2020,7/31/2020#https://www.sec.gov/Archives/edgar/data/922358/000155837020011490/0001558370-20-011490-index.htm#,21-10021,11,DE,1668.19,
1230,"GTT Communications, Inc.",1315255.0,0001315255,10/31/2021,12/31/2019,12/31/2019#https://www.sec.gov/Archives/edgar/data/1315255/000131525520000029/0001315255-20-000029-index.htm#,21-11880,11,NY SD,4757.7,
1231,"GWG Holdings, Inc.",1522690.0,0001522690,4/20/2022,12/31/2020,12/31/2020#https://www.sec.gov/Archives/edgar/data/1522690/000152269021000008/0001522690-21-000008-index.htm#,22-90032,11,TX SD,3564.957,
1187,"Hertz Global Holdings, Inc. (Hertz Corporation)",1657853.0,0001657853,5/22/2020,12/31/2019,12/31/2019#https://www.sec.gov/Archives/edgar/data/1657853/000165785320000007/0001657853-20-000007-index.htm#,20-11218,11,DE,24627.0,
1225,HighPoint Resources Corporation,1725526.0,0001725526,3/14/2021,12/31/2020,12/31/2020#https://www.sec.gov/Archives/edgar/data/1725526/000172552621000016/0001725526-21-000016-index.htm#,21-10565,11,DE,826.637,
1226,"Hospitality Investors Trust, Inc.",1583077.0,0001583077,5/19/2021,12/31/2020,12/31/2020#https://www.sec.gov/Archives/edgar/data/1583077/000143774921007683/0001437749-21-007683-index.htm#,21-10831,11,DE,1776.146,
1235,"NewAge, Inc.",1579823.0,0001579823,8/30/2022,12/31/2020,12/31/2020#https://www.sec.gov/Archives/edgar/data/1579823/000149315221006345/0001493152-21-006345-index.htm#,22-10819,11,DE,443.182,
1233,"Revlon, Inc. (Revlon Consumer Products Corporation)",887921.0,0000887921,6/15/2022,12/31/2021,12/31/2021#https://www.sec.gov/Archives/edgar/data/887921/000088792122000004/0000887921-22-000004-index.htm#,22-10760,11,NY SD,2432.5,
1228,"Sequential Brands Group, Inc.",1648428.0,0001648428,8/31/2021,12/31/2020,12/31/2020#https://www.sec.gov/Archives/edgar/data/1648428/000155837021004359/0001558370-21-004359-index.htm#,21-11194,11,DE,565.909,
1224,Sundance Energy Inc.,1326089.0,0001326089,3/9/2021,12/31/2020,12/31/2020#https://www.sec.gov/Archives/edgar/data/1326089/000155837021003806/0001558370-21-003806-index.htm#,21-30882,11,TX SD,415.939,
1227,"Washington Prime Group Inc. (Washington Prime Group, L.P.)",1594686.0,0001594686,6/13/2021,12/31/2020,12/31/2020#https://www.sec.gov/Archives/edgar/data/1594686/000159468621000006/0001594686-21-000006-index.htm#,21-31948,11,TX SD,4105.347,
