cik,NameCorp,tag,unit,end,val,accn,fy,fp,form,filed,frame,start
0001123541,"Penson Worldwide, Inc.",Assets,USD,2011-12-31,6197406000,0001193125-12-117406,2011,FY,10-K,2012-03-15,,
0001123541,"Penson Worldwide, Inc.",Liabilities,USD,2011-12-31,6121821000,0001193125-12-117406,2011,FY,10-K,2012-03-15,,
0001123541,"Penson Worldwide, Inc.",StockholdersEquity,USD,2011-12-31,75585000,0001193125-12-117406,2011,FY,10-K,2012-03-15,,
0001123541,"Penson Worldwide, Inc.",CashAndCashEquivalentsAtCarryingValue,USD,2011-12-31,43509000,0001193125-12-117406,2011,FY,10-K,2012-03-15,,
0001123541,"Penson Worldwide, Inc.",NetIncomeLoss,USD,2011-12-31,-225510000,0001193125-12-117406,2011,FY,10-K,2012-03-15,CY2011,2011-01-01
0001123541,"Penson Worldwide, Inc.",Revenues,USD,2011-12-31,238808000,0001193125-12-117406,2011,FY,10-K,2012-03-15,CY2011,2011-01-01
0001509589,"Bonanza Creek Energy, Inc.",Assets,USD,2015-12-31,1273367000,0001509589-16-000016,2015,FY,10-K,2016-02-29,,
0001509589,"Bonanza Creek Energy, Inc.",Liabilities,USD,2015-12-31,1063960000,0001509589-16-000016,2015,FY,10-K,2016-02-29,,
0001509589,"Bonanza Creek Energy, Inc.",StockholdersEquity,USD,2015-12-31,209407000,0001509589-16-000016,2015,FY,10-K,2016-02-29,,
0001509589,"Bonanza Creek Energy, Inc.",CashAndCashEquivalentsAtCarryingValue,USD,2015-12-31,21341000,0001509589-16-000016,2015,FY,10-K,2016-02-29,,
0000786110,Gymboree Corporation (2019),Assets,USD,2016-01-30,1156744000,0001193125-16-560439,2015,FY,10-K,2016-04-28,,
0000786110,Gymboree Corporation (2019),Liabilities,USD,2016-01-30,1494632000,0001193125-16-560439,2015,FY,10-K,2016-04-28,,
0000786110,Gymboree Corporation (2019),StockholdersEquity,USD,2016-01-30,-348602000,0001193125-16-560439,2015,FY,10-K,2016-04-28,,
0000786110,Gymboree Corporation (2019),CashAndCashEquivalentsAtCarryingValue,USD,2016-01-30,18164000,0001193125-16-560439,2015,FY,10-K,2016-04-28,,
0000786110,Gymboree Corporation (2019),NetIncomeLoss,USD,2016-01-30,-10176000,0001193125-16-560439,2015,FY,10-K,2016-04-28,,2015-02-01
0000922358,"Ferrellgas Partners, L.P. (Ferrellgas Partners Finance Corp.)",Assets,USD,2020-07-31,1668190000,0001558370-20-011490,2020,FY,10-K,2020-10-15,,
0000922358,"Ferrellgas Partners, L.P. (Ferrellgas Partners Finance Corp.)",CashAndCashEquivalentsAtCarryingValue,USD,2020-07-31,238002000,0001558370-20-011490,2020,FY,10-K,2020-10-15,,
0000922358,"Ferrellgas Partners, L.P. (Ferrellgas Partners Finance Corp.)",NetIncomeLoss,USD,2020-07-31,-82499000,0001558370-20-011490,2020,FY,10-K,2020-10-15,,2019-08-01
0001522690,"GWG Holdings, Inc.",Assets,USD,2020-12-31,3564957000,0001522690-21-000008,2020,FY,10-K,2021-11-05,,
0001522690,"GWG Holdings, Inc.",Liabilities,USD,2020-12-31,1891050000,0001522690-21-000008,2020,FY,10-K,2021-11-05,,
0001522690,"GWG Holdings, Inc.",StockholdersEquity,USD,2020-12-31,112372000,0001522690-21-000008,2020,FY,10-K,2021-11-05,,
0001522690,"GWG Holdings, Inc.",CashAndCashEquivalentsAtCarryingValue,USD,2020-12-31,85249000,0001522690-21-000008,2020,FY,10-K,2021-11-05,,
0001522690,"GWG Holdings, Inc.",NetIncomeLoss,USD,2020-12-31,-215839000,0001522690-21-000008,2020,FY,10-K,2021-11-05,CY2020,2020-01-01
0001522690,"GWG Holdings, Inc.",Revenues,USD,2020-12-31,124371000,0001522690-21-000008,2020,FY,10-K,2021-11-05,CY2020,2020-01-01
