feature,label,comparison,raw_cohort_landmarks,weighted_cohort_landmarks,raw_A_observed,weighted_A_observed,raw_A_missing,weighted_A_missing,raw_changed,weighted_changed,raw_change_proportion_A_observed,weighted_change_proportion_A_observed,weighted_change_proportion_all_landmarks,change_tolerance,change_definition
log_assets,Log assets,B_minus_A,5502,63397.603999999985,5502,63397.603999999985,0,0.0,635,6121.129999999999,0.11541257724463831,0.0965514406506593,0.0965514406506593,1e-12,"abs(A-B) > tolerance * max(1, abs(A), abs(B)); finite pairs only"
liabilities_to_assets,Liabilities / assets,B_minus_A,5502,63397.603999999985,4132,49348.54799999998,1370,14049.055999999997,515,5405.105999999998,0.12463697967086157,0.10952918006827678,0.08525725988004214,1e-12,"abs(A-B) > tolerance * max(1, abs(A), abs(B)); finite pairs only"
equity_to_assets,Equity / assets,B_minus_A,5502,63397.603999999985,5215,60211.75999999999,287,3185.844,691,7071.165999999998,0.13250239693192714,0.11743828780291425,0.1115368019270886,1e-12,"abs(A-B) > tolerance * max(1, abs(A), abs(B)); finite pairs only"
cash_to_assets,Cash / assets,B_minus_A,5502,63397.603999999985,5062,57471.47399999999,440,5926.129999999997,652,6314.227999999999,0.12880284472540499,0.10986716644852366,0.0995972655370383,1e-12,"abs(A-B) > tolerance * max(1, abs(A), abs(B)); finite pairs only"
net_income_to_assets,Net income / assets,B_minus_A,5502,63397.603999999985,5227,60359.21999999999,275,3038.3839999999996,665,6625.239999999998,0.12722402907977806,0.10976351251722602,0.10450300298415062,1e-12,"abs(A-B) > tolerance * max(1, abs(A), abs(B)); finite pairs only"
revenue_to_assets,Revenue / assets,B_minus_A,5502,63397.603999999985,4069,45573.94399999998,1433,17823.659999999996,664,6407.503999999999,0.16318505775374784,0.14059577551593958,0.10106855142348914,1e-12,"abs(A-B) > tolerance * max(1, abs(A), abs(B)); finite pairs only"
operating_income_to_assets,Operating income / assets,B_minus_A,5502,63397.603999999985,4140,45550.12199999999,1362,17847.481999999996,730,7069.527999999998,0.17632850241545894,0.15520327256203617,0.11151096498851913,1e-12,"abs(A-B) > tolerance * max(1, abs(A), abs(B)); finite pairs only"
operating_cash_to_assets,Operating cash flow / assets,B_minus_A,5502,63397.603999999985,4159,48644.063999999984,1343,14753.539999999997,635,6906.797999999998,0.15268093291656648,0.1419864508031237,0.1089441487410155,1e-12,"abs(A-B) > tolerance * max(1, abs(A), abs(B)); finite pairs only"
retained_earnings_to_assets,Retained earnings / assets,B_minus_A,5502,63397.603999999985,4871,55370.48799999999,631,8027.115999999998,630,6170.3139999999985,0.1293368918086635,0.11143687229196896,0.09732724284028148,1e-12,"abs(A-B) > tolerance * max(1, abs(A), abs(B)); finite pairs only"
working_capital_to_assets,Working capital / assets,B_minus_A,5502,63397.603999999985,4217,45952.22599999998,1285,17445.377999999997,667,6383.411999999999,0.15816931467868153,0.1389140974367597,0.10068853706206311,1e-12,"abs(A-B) > tolerance * max(1, abs(A), abs(B)); finite pairs only"
