analysis,block,model,A_AP,B_AP,delta_AP_pp,CI95_low_pp,CI95_high_pp,valid_boot,n_boot
Main refit A/B,2016_2017,LGBM,0.2474686198347408,0.2758598199011698,2.8391200066429,-0.6631534750968,5.8601132502127795,1000,1000
Main refit A/B,2016_2017,LR,0.0082562396977225,0.0081947983957367,-0.006144130198581024,-0.01390021558492,0.02452275700818,1000,1000
Main refit A/B,2018_2019,LGBM,0.1556441763943111,0.1833198379623941,2.7675661568083,-2.7187009688364,5.09419118148932,1000,1000
Main refit A/B,2018_2019,LR,0.0097027779669426,0.008985090029289,-0.07176879376536,-0.20326755885887998,1.03031582981291,1000,1000
Main refit A/B,2020_2021,LGBM,0.0738966146569525,0.0915595200507912,1.7662905393838702,0.603209338024,8.14013930719549,1000,1000
Main refit A/B,2020_2021,LR,0.0179146604486521,0.017818537715259,-0.00961227333930552,-0.03972411541461,0.04073415947983,1000,1000
Frozen A inputs,2016_2017,LGBM,0.2474686198347408,0.2196964474158847,-2.77721724188561,-5.722505943066699,1.1637619646319601,1000,1000
Frozen A inputs,2016_2017,LR,0.0082562396977225,0.0081963159040839,-0.005992379363860094,-0.01220972740208,0.029144697249889998,1000,1000
Frozen A inputs,2018_2019,LGBM,0.1556441763943111,0.1693174119517757,1.36732355574646,0.20887404311423002,1.99395131545051,1000,1000
Frozen A inputs,2018_2019,LR,0.0097027779669426,0.009719703524048,0.001692555710542873,-0.0012357277507249794,0.004749222989810075,1000,1000
Frozen A inputs,2020_2021,LGBM,0.0738966146569525,0.0750176750176507,0.11210603606981999,-0.16505600499676001,0.22744787066853997,1000,1000
Frozen A inputs,2020_2021,LR,0.0179146604486521,0.0178571194716066,-0.005754097704553304,-0.03207458407049,0.02961503700118,1000,1000
