analysis_mode,block,model,metric,A,B,difference_B_minus_A,ci95_low,ci95_high,bootstrap_se,bootstrap_bias_diagnostic,n_boot,valid_boot,invalid_boot,valid_boot_fraction,status,ci_method,seed,better_direction_for_B_minus_A
refit_vintages,2016_2017,LGBM,average_precision,0.24746861983474083,0.27585981990116987,0.028391200066429034,-0.006631534750968046,0.05860113250212785,0.01709525581590355,0.00013034810375069442,1000,1000,0,1.0,estimated,basic_centered_Rao_Wu_Yue_SRS_FPC,20260921,positive
refit_vintages,2016_2017,LGBM,brier,0.0038190102331260713,0.003916357855305855,9.734762217978405e-05,-0.0005808304093964727,0.0004957836291825448,0.00028626667149771667,1.676228738129724e-05,1000,1000,0,1.0,estimated,basic_centered_Rao_Wu_Yue_SRS_FPC,20260921,negative
refit_vintages,2016_2017,LGBM,roc_auc,0.9662456690345405,0.9721828081517947,0.005937139117254242,0.002229257912518075,0.009622305248340296,0.0019081074544801486,-9.762102493915143e-05,1000,1000,0,1.0,estimated,basic_centered_Rao_Wu_Yue_SRS_FPC,20260921,positive
refit_vintages,2016_2017,LGBM,retrospective_recall_at_5percent,0.7450980392156863,0.7843137254901961,0.039215686274509776,-0.019607843137255054,0.05882352941176472,0.026749153862956534,0.012807412046704991,1000,1000,0,1.0,estimated,basic_centered_Rao_Wu_Yue_SRS_FPC,20260921,positive
refit_vintages,2016_2017,LR,average_precision,0.008256239697722533,0.008194798395736723,-6.144130198581024e-05,-0.00013900215584922607,0.0002452275700818751,0.00023000763749333292,-3.902336613751695e-05,1000,1000,0,1.0,estimated,basic_centered_Rao_Wu_Yue_SRS_FPC,20260921,positive
refit_vintages,2016_2017,LR,brier,0.004176375594538634,0.004176459893230178,8.429869154374242e-08,2.559695677531275e-08,1.3108107998047095e-07,2.7360469834858763e-08,6.452036583441676e-10,1000,1000,0,1.0,estimated,basic_centered_Rao_Wu_Yue_SRS_FPC,20260921,negative
refit_vintages,2016_2017,LR,roc_auc,0.7057352784150879,0.7050408636575971,-0.0006944147574907689,-0.0013289219968288801,-7.154946680409946e-06,0.00034272059914090196,-1.508350369045354e-05,1000,1000,0,1.0,estimated,basic_centered_Rao_Wu_Yue_SRS_FPC,20260921,positive
refit_vintages,2016_2017,LR,retrospective_recall_at_5percent,0.13725490196078433,0.13725490196078433,0.0,-0.0196078431372549,0.019607843137254916,0.009585317287419085,-0.0019686922538058823,1000,1000,0,1.0,estimated,basic_centered_Rao_Wu_Yue_SRS_FPC,20260921,positive
refit_vintages,2018_2019,LGBM,average_precision,0.1556441763943111,0.18331983796239415,0.027675661568083043,-0.027187009688364086,0.05094191181489327,0.020207333003724046,0.006752749540880558,1000,1000,0,1.0,estimated,basic_centered_Rao_Wu_Yue_SRS_FPC,20260921,positive
refit_vintages,2018_2019,LGBM,brier,0.0037633278262219345,0.004004721213056204,0.00024139338683426938,-0.0008447829236452014,0.0008603433064202314,0.0004803931900926609,2.0589822224035062e-05,1000,1000,0,1.0,estimated,basic_centered_Rao_Wu_Yue_SRS_FPC,20260921,negative
refit_vintages,2018_2019,LGBM,roc_auc,0.9401297169849612,0.9469912558779996,0.006861538893038421,0.0035392735185362494,0.010130630568397272,0.0016531196853566067,-9.189663676334968e-05,1000,1000,0,1.0,estimated,basic_centered_Rao_Wu_Yue_SRS_FPC,20260921,positive
refit_vintages,2018_2019,LGBM,retrospective_recall_at_5percent,0.6785714285714286,0.7857142857142857,0.1071428571428571,0.0714285714285714,0.1428571428571428,0.0190115325637556,-0.006022876343580022,1000,1000,0,1.0,estimated,basic_centered_Rao_Wu_Yue_SRS_FPC,20260921,positive
refit_vintages,2018_2019,LR,average_precision,0.00970277796694266,0.008985090029289001,-0.0007176879376536594,-0.002032675588588881,0.010303158298129165,0.003556240456019914,-0.0013332285515819929,1000,1000,0,1.0,estimated,basic_centered_Rao_Wu_Yue_SRS_FPC,20260921,positive
refit_vintages,2018_2019,LR,brier,0.002425685810244508,0.002424480494229637,-1.2053160148711717e-06,-8.38087278724474e-06,8.568431342738391e-06,4.43330181249767e-06,-1.5268563288489512e-07,1000,1000,0,1.0,estimated,basic_centered_Rao_Wu_Yue_SRS_FPC,20260921,negative
refit_vintages,2018_2019,LR,roc_auc,0.8138430842554474,0.8249704349124928,0.011127350657045398,0.00415293876794506,0.017483616806695027,0.003465358512869117,2.1473307504666847e-05,1000,1000,0,1.0,estimated,basic_centered_Rao_Wu_Yue_SRS_FPC,20260921,positive
refit_vintages,2018_2019,LR,retrospective_recall_at_5percent,0.2857142857142857,0.17857142857142858,-0.10714285714285712,-0.2857142857142857,-0.0357142857142857,0.07041659859058227,0.050359546469000364,1000,1000,0,1.0,estimated,basic_centered_Rao_Wu_Yue_SRS_FPC,20260921,positive
refit_vintages,2020_2021,LGBM,average_precision,0.0738966146569525,0.09155952005079127,0.01766290539383876,0.006032093380240043,0.08140139307195494,0.023653797862505304,-0.013764568171978709,1000,1000,0,1.0,estimated,basic_centered_Rao_Wu_Yue_SRS_FPC,20260921,positive
refit_vintages,2020_2021,LGBM,brier,0.007117157191115843,0.008345337971307902,0.0012281807801920591,-0.001357000563121262,0.0034901328183621727,0.0012656387727222574,-9.854152998436082e-06,1000,1000,0,1.0,estimated,basic_centered_Rao_Wu_Yue_SRS_FPC,20260921,negative
refit_vintages,2020_2021,LGBM,roc_auc,0.897145475265049,0.9262676937012612,0.02912221843621221,0.024465994234536104,0.034164388739977354,0.002514933003507014,-9.833930383703823e-05,1000,1000,0,1.0,estimated,basic_centered_Rao_Wu_Yue_SRS_FPC,20260921,positive
refit_vintages,2020_2021,LGBM,retrospective_recall_at_5percent,0.4772727272727273,0.5909090909090909,0.11363636363636365,0.045454545454545525,0.20454545454545459,0.03989935744372192,-0.011387467580067062,1000,1000,0,1.0,estimated,basic_centered_Rao_Wu_Yue_SRS_FPC,20260921,positive
refit_vintages,2020_2021,LR,average_precision,0.017914660448652153,0.017818537715259097,-9.612273339305519e-05,-0.0003972411541461724,0.00040734159479834185,0.00025287165423745056,-2.8018816742865412e-05,1000,1000,0,1.0,estimated,basic_centered_Rao_Wu_Yue_SRS_FPC,20260921,positive
refit_vintages,2020_2021,LR,brier,0.003827262261029487,0.0038273763201473188,1.1405911783156711e-07,-2.3750216745846423e-07,5.486533075316062e-07,1.9648450868130896e-07,-1.3691464688915086e-08,1000,1000,0,1.0,estimated,basic_centered_Rao_Wu_Yue_SRS_FPC,20260921,negative
refit_vintages,2020_2021,LR,roc_auc,0.8198303047129051,0.8200943721185275,0.000264067405622459,-0.0019321742376499267,0.0019831307485853626,0.0010051666476883017,5.494321099990771e-05,1000,1000,0,1.0,estimated,basic_centered_Rao_Wu_Yue_SRS_FPC,20260921,positive
refit_vintages,2020_2021,LR,retrospective_recall_at_5percent,0.3181818181818182,0.3409090909090909,0.022727272727272707,0.02272727272727265,0.09090909090909088,0.017884161410083636,-0.02514811580168371,1000,1000,0,1.0,estimated,basic_centered_Rao_Wu_Yue_SRS_FPC,20260921,positive
