year,annual_filings,distinct_ciks,distinct_accessions,date_min,date_max,10-K,10-KT
2010,9186,8968,8910,2010-01-04,2010-12-30,9165,21
2011,8867,8638,8588,2011-01-03,2011-12-30,8840,27
2012,8416,8256,8177,2012-01-03,2012-12-31,8393,23
2013,8127,7914,7854,2013-01-02,2013-12-31,8105,22
2014,8125,7883,7811,2014-01-02,2014-12-31,8084,41
2015,8007,7782,7681,2015-01-02,2015-12-31,7985,22
2016,7626,7404,7295,2016-01-04,2016-12-30,7589,37
2017,7267,7088,7003,2017-01-03,2017-12-29,7248,19
2018,7120,6923,6855,2018-01-02,2018-12-31,7092,28
2019,6951,6793,6688,2019-01-03,2019-12-31,6923,28
2020,6782,6627,6521,2020-01-02,2020-12-30,6769,13
2021,7203,7001,6955,2021-01-04,2021-12-30,7181,22
