year,form_type,hf_mirror_rows,sraf_20260318_rows,mirror_minus_sraf
2010,10-K,9165,9165,0
2010,10-KT,21,21,0
2010,10-K/A,2213,2213,0
2010,10-KT/A,9,9,0
2011,10-K,8840,8840,0
2011,10-KT,27,27,0
2011,10-K/A,1995,1995,0
2011,10-KT/A,9,9,0
2012,10-K,8393,8393,0
2012,10-KT,23,23,0
2012,10-K/A,1840,1840,0
2012,10-KT/A,5,5,0
2013,10-K,8105,8105,0
2013,10-KT,22,22,0
2013,10-K/A,1765,1765,0
2013,10-KT/A,17,17,0
2014,10-K,8084,8084,0
2014,10-KT,41,41,0
2014,10-K/A,1557,1557,0
2014,10-KT/A,8,8,0
2015,10-K,7985,7985,0
2015,10-KT,22,22,0
2015,10-K/A,1258,1258,0
2015,10-KT/A,5,5,0
2016,10-K,7589,7589,0
2016,10-KT,37,37,0
2016,10-K/A,1175,1175,0
2016,10-KT/A,6,6,0
2017,10-K,7248,7248,0
2017,10-KT,19,19,0
2017,10-K/A,931,931,0
2017,10-KT/A,3,3,0
2018,10-K,7092,7092,0
2018,10-KT,28,28,0
2018,10-K/A,1003,1003,0
2018,10-KT/A,6,6,0
2019,10-K,6923,6923,0
2019,10-KT,28,28,0
2019,10-K/A,991,991,0
2019,10-KT/A,2,2,0
2020,10-K,6769,6769,0
2020,10-KT,13,13,0
2020,10-K/A,914,914,0
2020,10-KT/A,7,7,0
2021,10-K,7181,7181,0
2021,10-KT,22,22,0
2021,10-K/A,1099,1099,0
2021,10-KT/A,2,2,0
