year,quarter,annual_filings,distinct_ciks
2010,1,5944,5910
2010,2,1546,1508
2010,3,809,796
2010,4,887,861
2011,1,5826,5778
2011,2,1420,1384
2011,3,808,779
2011,4,813,786
2012,1,5588,5539
2012,2,1339,1323
2012,3,709,697
2012,4,780,764
2013,1,4939,4848
2013,2,1759,1738
2013,3,746,730
2013,4,683,670
2014,1,5570,5453
2014,2,1226,1205
2014,3,667,660
2014,4,662,641
2015,1,5683,5537
2015,2,1114,1103
2015,3,622,613
2015,4,588,583
2016,1,5484,5359
2016,2,1012,995
2016,3,579,572
2016,4,551,545
2017,1,5286,5211
2017,2,949,936
2017,3,514,500
2017,4,518,506
2018,1,4878,4807
2018,2,1282,1250
2018,3,467,451
2018,4,493,488
2019,1,4891,4808
2019,2,1119,1104
2019,3,489,478
2019,4,452,445
2020,1,5095,5019
2020,2,794,789
2020,3,457,437
2020,4,436,432
2021,1,5527,5451
2021,2,754,739
2021,3,472,452
2021,4,450,446
