"Test block","Input scenario","AA %","BB %","Difference (pp)"
"---","---","---","---","---"
"2016-2017","Unadjusted","24.747","27.586","+2.839"
"2016-2017","Scale supported","24.747","27.586","+2.839"
"2016-2017","Scale plus disputed signs","25.860","28.436","+2.576"
"2018-2019","Unadjusted","15.564","18.332","+2.768"
"2018-2019","Scale supported","15.564","18.332","+2.768"
"2018-2019","Scale plus disputed signs","16.522","18.995","+2.473"
"2020-2021","Unadjusted","7.390","9.156","+1.766"
"2020-2021","Scale supported","7.390","9.156","+1.766"
"2020-2021","Scale plus disputed signs","6.144","9.203","+3.059"
