block,model,contrast,selection_fraction_weighted_jaccard,average_precision_difference,brier_difference,roc_auc_difference,retrospective_recall_at_5percent_difference,calibration_intercept_difference,calibration_slope_difference
2016_2017,LR,B_minus_A,0.9501254963268644,-6.03490738167161e-05,8.351755835002417e-08,-0.0006539233455526983,0.0,-0.0015002988760722813,-0.004083621683871774
2016_2017,LGBM,B_minus_A,0.6483825418489552,0.028391200066429034,9.734762217978579e-05,0.005937139117254131,0.039215686274509776,-0.32996440986785724,0.026610115174183324
2016_2017,LGBM_minus_LR_interaction,(LGBM-LR)_B-(LGBM-LR)_A,,0.028451549140245752,,,,,
2018_2019,LR,B_minus_A,0.6940737282256043,-0.000716916584139117,-1.2045801134927085e-06,0.011172641404463723,-0.10714285714285712,0.10756072067809763,3.269243691273654
2018_2019,LGBM,B_minus_A,0.6032627079767884,0.027675661568083015,0.0002413933868342685,0.006861538893038754,0.1071428571428571,-0.587222719345935,-0.026521597037521383
2018_2019,LGBM_minus_LR_interaction,(LGBM-LR)_B-(LGBM-LR)_A,,0.028392578152222153,,,,,
2020_2021,LR,B_minus_A,0.9468887504490421,-9.020674623691494e-05,1.2117678975824206e-07,0.0003805410015164101,0.022727272727272707,0.006442589053969328,0.0016100946170856112
2020_2021,LGBM,B_minus_A,0.6263766967326585,0.01766290539383876,0.0012281807801920583,0.0291222184362121,0.11363636363636365,-0.22399410503646533,0.0894031657465823
2020_2021,LGBM_minus_LR_interaction,(LGBM-LR)_B-(LGBM-LR)_A,,0.017753112140075668,,,,,
