audit_id,fact_row,cik,original_accession,arm,feature,tag,start,end,source_accession,unit,old_api_value,display_normalized_value
E01,44828,0001409916,0001062993-16-008351,A,assets,Assets,,2015-12-31,0001062993-16-008351,USD,242027.0,242027000.0
E01,44829,0001409916,0001062993-16-008351,A,liabilities,Liabilities,,2015-12-31,0001062993-16-008351,USD,95950.0,95950000.0
E01,44830,0001409916,0001062993-16-008351,A,equity,StockholdersEquity,,2015-12-31,0001062993-16-008351,USD,126336.0,126336000.0
E01,44831,0001409916,0001062993-16-008351,A,cash,CashAndCashEquivalentsAtCarryingValue,,2015-12-31,0001062993-16-008351,USD,15666.0,15666000.0
E01,44832,0001409916,0001062993-16-008351,A,current_assets,AssetsCurrent,,2015-12-31,0001062993-16-008351,USD,115517.0,115517000.0
E01,44833,0001409916,0001062993-16-008351,A,current_liabilities,LiabilitiesCurrent,,2015-12-31,0001062993-16-008351,USD,51822.0,51822000.0
E01,44834,0001409916,0001062993-16-008351,A,net_income,NetIncomeLoss,2015-01-01,2015-12-31,0001062993-16-008351,USD,50840.0,50840000.0
E01,44835,0001409916,0001062993-16-008351,A,revenue,Revenues,2015-01-01,2015-12-31,0001062993-16-008351,USD,229216.0,229216000.0
E01,44836,0001409916,0001062993-16-008351,A,operating_income,OperatingIncomeLoss,2015-01-01,2015-12-31,0001062993-16-008351,USD,31650.0,31650000.0
E01,44837,0001409916,0001062993-16-008351,A,operating_cash,NetCashProvidedByUsedInOperatingActivities,2015-01-01,2015-12-31,0001062993-16-008351,USD,6715.0,6715000.0
E01,44838,0001409916,0001062993-16-008351,A,retained_earnings,RetainedEarningsAccumulatedDeficit,,2015-12-31,0001062993-16-008351,USD,-85491.0,-85491000.0
E01_extension_FY2014,44817,0001409916,0001062993-15-001772,B,assets,Assets,,2014-12-31,0001062993-16-008351,USD,105332.0,105332000.0
E01_extension_FY2014,44817,0001409916,0001062993-15-001772,C,assets,Assets,,2014-12-31,0001062993-16-008351,USD,105332.0,105332000.0
E01_extension_FY2014,44818,0001409916,0001062993-15-001772,B,liabilities,Liabilities,,2014-12-31,0001062993-16-008351,USD,48663.0,48663000.0
E01_extension_FY2014,44818,0001409916,0001062993-15-001772,C,liabilities,Liabilities,,2014-12-31,0001062993-16-008351,USD,48663.0,48663000.0
E01_extension_FY2014,44819,0001409916,0001062993-15-001772,B,equity,StockholdersEquity,,2014-12-31,0001062993-16-008351,USD,39669.0,39669000.0
E01_extension_FY2014,44819,0001409916,0001062993-15-001772,C,equity,StockholdersEquity,,2014-12-31,0001062993-16-008351,USD,39669.0,39669000.0
E01_extension_FY2014,44820,0001409916,0001062993-15-001772,B,cash,CashAndCashEquivalentsAtCarryingValue,,2014-12-31,0001062993-16-008351,USD,7568.0,7568000.0
E01_extension_FY2014,44821,0001409916,0001062993-15-001772,B,current_assets,AssetsCurrent,,2014-12-31,0001062993-16-008351,USD,52995.0,52995000.0
E01_extension_FY2014,44821,0001409916,0001062993-15-001772,C,current_assets,AssetsCurrent,,2014-12-31,0001062993-16-008351,USD,52995.0,52995000.0
E01_extension_FY2014,44822,0001409916,0001062993-15-001772,B,current_liabilities,LiabilitiesCurrent,,2014-12-31,0001062993-16-008351,USD,30643.0,30643000.0
E01_extension_FY2014,44822,0001409916,0001062993-15-001772,C,current_liabilities,LiabilitiesCurrent,,2014-12-31,0001062993-16-008351,USD,30643.0,30643000.0
E01_extension_FY2014,44823,0001409916,0001062993-15-001772,B,net_income,NetIncomeLoss,2014-01-01,2014-12-31,0001062993-16-008351,USD,2893.0,2893000.0
E01_extension_FY2014,44824,0001409916,0001062993-15-001772,B,revenue,Revenues,2014-01-01,2014-12-31,0001062993-16-008351,USD,84029.0,84029000.0
E01_extension_FY2014,44825,0001409916,0001062993-15-001772,B,operating_income,OperatingIncomeLoss,2014-01-01,2014-12-31,0001062993-16-008351,USD,20491.0,20491000.0
E01_extension_FY2014,44826,0001409916,0001062993-15-001772,B,operating_cash,NetCashProvidedByUsedInOperatingActivities,2014-01-01,2014-12-31,0001062993-16-008351,USD,3998.0,3998000.0
E01_extension_FY2014,44827,0001409916,0001062993-15-001772,B,retained_earnings,RetainedEarningsAccumulatedDeficit,,2014-12-31,0001062993-16-008351,USD,-136687.0,-136687000.0
E01_extension_FY2014,44827,0001409916,0001062993-15-001772,C,retained_earnings,RetainedEarningsAccumulatedDeficit,,2014-12-31,0001062993-16-008351,USD,-136687.0,-136687000.0
