comparison,block,model,train_version,score_version,n_test,mean_prediction_delta,max_abs_delta,mean_abs_delta,changed
fixed,2016_2017,LGBM,A,A,1063,-0.00162965654720266,0.25277312662085205,0.003741427704841037,1063
fixed,2016_2017,LGBM,A,B,1063,-0.0017522426605378562,0.25277312662085205,0.003878336435771207,1063
fixed,2016_2017,LGBM,B,A,1063,-0.0009120224367405665,0.23573185112455092,0.0027061637438137894,1063
fixed,2016_2017,LGBM,B,B,1063,-0.0009220314487849842,0.23573185112455092,0.002883592458054272,1063
fixed,2016_2017,LR,A,A,1063,1.7179350249441191e-06,0.0018262704189024837,1.7234309188059286e-06,1063
fixed,2016_2017,LR,A,B,1063,-1.2636253167725303e-10,1.2026407787127033e-07,5.433296964226888e-09,1063
fixed,2016_2017,LR,B,A,1063,1.7167894956444004e-06,0.0018250093370784576,1.717046502880253e-06,1048
fixed,2016_2017,LR,B,B,1063,-5.814868621427981e-11,5.882319954264928e-09,2.000311203075118e-10,1049
fixed,2018_2019,LGBM,A,A,946,-9.684518403754424e-05,0.2483113948999084,0.003812128922502949,946
fixed,2018_2019,LGBM,A,B,946,6.309085922218663e-05,0.2483113948999084,0.0038727377467307183,946
fixed,2018_2019,LGBM,B,A,946,0.0008335949085339586,0.28928876357078354,0.003151115094156795,946
fixed,2018_2019,LGBM,B,B,946,0.0006297780004159776,0.28928876357078354,0.0032857835389077795,946
fixed,2018_2019,LR,A,A,946,-1.6201791295923844e-07,1.4878449558740348e-06,1.7361376455616212e-07,946
fixed,2018_2019,LR,A,B,946,-1.6255325342277837e-07,1.4878449558740348e-06,1.741312437779287e-07,946
fixed,2018_2019,LR,B,A,946,-1.4617409550146425e-07,1.7115661159715356e-06,1.5912918360412383e-07,946
fixed,2018_2019,LR,B,B,946,-1.4685768681871264e-07,1.7115660832824064e-06,1.5983124656402303e-07,946
fixed,2020_2021,LGBM,A,A,845,-0.0005492299033493636,0.4382363578088735,0.0033992778152404043,845
fixed,2020_2021,LGBM,A,B,845,-0.0008491478144185715,0.36793269997269534,0.0035214800629832506,845
fixed,2020_2021,LGBM,B,A,845,0.00016441954932647205,0.21238984976926106,0.0021031545601648493,845
fixed,2020_2021,LGBM,B,B,845,-1.7459813234685366e-05,0.21238984976926106,0.002284105565071898,845
fixed,2020_2021,LR,A,A,845,-1.0791069875192454e-07,1.2209031641577384e-06,1.1104093840869581e-07,845
fixed,2020_2021,LR,A,B,845,-1.0390607150149984e-07,3.418829856977664e-06,1.152352298598259e-07,845
fixed,2020_2021,LR,B,A,845,-1.0532724130156278e-07,1.4805457333073868e-06,1.0895903144089072e-07,845
fixed,2020_2021,LR,B,B,845,-1.0176704821655586e-07,3.4033549932277604e-06,1.1350208311763444e-07,845
tuned,2016_2017,LGBM,A,A,1063,-0.00162965654720266,0.25277312662085205,0.003741427704841037,1063
tuned,2016_2017,LGBM,A,B,1063,-0.0017522426605378562,0.25277312662085205,0.003878336435771207,1063
tuned,2016_2017,LGBM,B,A,1063,8.205196677306081e-05,0.11685593766668778,0.0023688139027236536,1063
tuned,2016_2017,LGBM,B,B,1063,9.909309198324609e-05,0.11574321067973375,0.0023960393570073408,1063
tuned,2016_2017,LR,A,A,1063,2.382835072678747e-06,0.002534249493335296,2.4006482690505188e-06,1063
tuned,2016_2017,LR,A,B,1063,-1.2674829116478544e-09,4.5385467552401526e-07,1.6665912712935218e-08,1063
tuned,2016_2017,LR,B,A,1063,2.3803828899352025e-06,0.0025307819511577808,2.382073266633945e-06,1053
tuned,2016_2017,LR,B,B,1063,-4.1337841816999997e-10,2.933336733235148e-08,1.2863702437267797e-09,1053
tuned,2018_2019,LGBM,A,A,946,-0.0009443334607128742,0.49517915077158575,0.005139954950786531,946
tuned,2018_2019,LGBM,A,B,946,-0.0008030000238422271,0.49517915077158575,0.005358876403437678,946
tuned,2018_2019,LGBM,B,A,946,-8.929537903218628e-05,0.41369407267006547,0.004864594463642567,946
tuned,2018_2019,LGBM,B,B,946,-0.0005602251015454646,0.41369407267006547,0.0052321432573270215,946
tuned,2018_2019,LR,A,A,946,-2.2681134332581795e-07,3.8075647177150673e-06,2.5280686834453194e-07,946
tuned,2018_2019,LR,A,B,946,-2.2768832755864937e-07,3.8075647177150673e-06,2.5369593836887627e-07,945
tuned,2018_2019,LR,B,A,946,-5.4468451989697585e-08,2.3008959167472587e-07,5.576539077659018e-08,946
tuned,2018_2019,LR,B,B,946,-5.459578412809165e-08,2.3008960472418322e-07,5.589099164445512e-08,946
tuned,2020_2021,LGBM,A,A,845,0.0044837199300663206,0.48720847915723187,0.008117559671672488,845
tuned,2020_2021,LGBM,A,B,845,0.004687120942965574,0.48720847915723187,0.00843633573494865,845
tuned,2020_2021,LGBM,B,A,845,0.0012972994484265503,0.1601521087862473,0.002004252985123618,845
tuned,2020_2021,LGBM,B,B,845,0.0011991036695637746,0.1601521087862473,0.0020502245513803123,845
tuned,2020_2021,LR,A,A,845,-1.434998307531459e-07,4.96273252705709e-06,2.4405410121627977e-07,845
tuned,2020_2021,LR,A,B,845,-1.0611667399983483e-07,3.1217826493361864e-05,2.804594612331288e-07,845
tuned,2020_2021,LR,B,A,845,-1.75093327436257e-07,8.965386828777011e-06,2.3808291016282135e-07,845
tuned,2020_2021,LR,B,B,845,-1.3911912940010425e-07,3.139578594205214e-05,2.7611180811091483e-07,845
