comparison,block,model,train_version,score_version,n_test,mean_prediction_delta,max_abs_delta,mean_abs_delta,n_changed_above_1e12
fixed,2016_2017,LGBM,A,A,1063,0.0,0.0,0.0,0
fixed,2016_2017,LGBM,A,B,1063,0.0,0.0,0.0,0
fixed,2016_2017,LGBM,B,A,1063,0.0,0.0,0.0,0
fixed,2016_2017,LGBM,B,B,1063,0.0,0.0,0.0,0
fixed,2016_2017,LR,A,A,1063,1.718030174708304e-06,0.0018262660757149272,1.718030174708304e-06,1
fixed,2016_2017,LR,A,B,1063,0.0,0.0,0.0,0
fixed,2016_2017,LR,B,A,1063,1.71684824784825e-06,0.0018250096874626897,1.71684824784825e-06,1
fixed,2016_2017,LR,B,B,1063,0.0,0.0,0.0,0
fixed,2018_2019,LGBM,A,A,946,0.0,0.0,0.0,0
fixed,2018_2019,LGBM,A,B,946,0.0,0.0,0.0,0
fixed,2018_2019,LGBM,B,A,946,0.0,0.0,0.0,0
fixed,2018_2019,LGBM,B,B,946,0.0,0.0,0.0,0
fixed,2018_2019,LR,A,A,946,-1.619719551180339e-07,1.4599683192430268e-06,1.7398259327570844e-07,946
fixed,2018_2019,LR,A,B,946,-1.6249325139894623e-07,1.4599683192430268e-06,1.7449290709323668e-07,946
fixed,2018_2019,LR,B,A,946,-1.4596857839189425e-07,1.704612474468653e-06,1.587795687974546e-07,946
fixed,2018_2019,LR,B,B,946,-1.4665050492968092e-07,1.7046124519692896e-06,1.594798770778695e-07,946
fixed,2020_2021,LGBM,A,A,845,0.0,0.0,0.0,0
fixed,2020_2021,LGBM,A,B,845,0.0,0.0,0.0,0
fixed,2020_2021,LGBM,B,A,845,0.0,0.0,0.0,0
fixed,2020_2021,LGBM,B,B,845,0.0,0.0,0.0,0
fixed,2020_2021,LR,A,A,845,-1.0831562471628379e-07,1.1947858662778033e-06,1.1136817587794732e-07,845
fixed,2020_2021,LR,A,B,845,-1.0834391863689381e-07,1.1947858662778033e-06,1.1149046829982418e-07,845
fixed,2020_2021,LR,B,A,845,-1.0517119140922907e-07,1.4765263441733623e-06,1.0876552878373585e-07,845
fixed,2020_2021,LR,B,B,845,-1.0564911935669155e-07,1.4832116436401532e-06,1.092918454154294e-07,845
tuned,2016_2017,LGBM,A,A,1063,0.0,0.0,0.0,0
tuned,2016_2017,LGBM,A,B,1063,0.0,0.0,0.0,0
tuned,2016_2017,LGBM,B,A,1063,0.0,0.0,0.0,0
tuned,2016_2017,LGBM,B,B,1063,0.0,0.0,0.0,0
tuned,2016_2017,LR,A,A,1063,2.3840404374307578e-06,0.002534234985531227,2.3840404386340947e-06,1
tuned,2016_2017,LR,A,B,1063,-5.119720725148043e-16,2.382469221906547e-14,6.950208224191346e-16,0
tuned,2016_2017,LR,B,A,1063,2.380793687465063e-06,0.002530783690112366,2.3807936887181693e-06,1
tuned,2016_2017,LR,B,B,1063,-3.188816362610567e-16,9.646797249907024e-15,9.368658527906575e-16,0
tuned,2018_2019,LGBM,A,A,946,0.0,0.0,0.0,0
tuned,2018_2019,LGBM,A,B,946,0.0,0.0,0.0,0
tuned,2018_2019,LGBM,B,A,946,0.0,0.0,0.0,0
tuned,2018_2019,LGBM,B,B,946,0.0,0.0,0.0,0
tuned,2018_2019,LR,A,A,946,-2.2630577278699264e-07,4.868454538869971e-06,2.5473218251463523e-07,946
tuned,2018_2019,LR,A,B,946,-2.2715439077778529e-07,4.868454538869971e-06,2.555805804374536e-07,945
tuned,2018_2019,LR,B,A,946,-5.4453207322598766e-08,2.2995039922028837e-07,5.5738931210249395e-08,946
tuned,2018_2019,LR,B,B,946,-5.458032224828806e-08,2.2995041238076802e-07,5.58644028860018e-08,946
tuned,2020_2021,LGBM,A,A,845,0.0,0.0,0.0,0
tuned,2020_2021,LGBM,A,B,845,0.0,0.0,0.0,0
tuned,2020_2021,LGBM,B,A,845,0.0,0.0,0.0,0
tuned,2020_2021,LGBM,B,B,845,0.0,0.0,0.0,0
tuned,2020_2021,LR,A,A,845,-1.3942241098987348e-07,1.9207025698318725e-05,3.6488821024326447e-07,845
tuned,2020_2021,LR,A,B,845,-1.3749982757840422e-07,1.9207025698318725e-05,3.636068477856467e-07,845
tuned,2020_2021,LR,B,A,845,-1.74057520450634e-07,8.968070314217813e-06,2.367793573401869e-07,845
tuned,2020_2021,LR,B,B,845,-1.7523268173139397e-07,8.968070314217813e-06,2.3764713819344407e-07,845
