"audit_id","cik","source_accession","tag","start","end","unit","api_value","display_normalized_value","display_value","display_scale","evidence_url","locator","heading_char_offset","row_char_offset","source_raw_path","source_raw_sha256","source_text_path","source_excerpt","status","audit_sampling_role"
"E01","0001409916","0001062993-16-008351","Assets","","2015-12-31","USD","242027.0","242027000.0","242,027","thousands","https://www.sec.gov/Archives/edgar/data/1409916/000106299316008351/form10k.htm","Printed p.48; statements in thousands; Assets","","","<archived-record-root>/...","1b49688629b255870567e9cda63e8db162a8fea12b57fbc0cfa9fb2c54a8ac16","<working-tree-root>/...","Previously verified 11 components; manuscript/extraction_audit.md source table. NetIncomeLoss and StockholdersEquity use parent-attributable amounts.","scale_supported_display_only_not_originalXBRL_certified","purposive_extreme_prior_confirmed"
"E01","0001409916","0001062993-16-008351","Liabilities","","2015-12-31","USD","95950.0","95950000.0","95,950","thousands","https://www.sec.gov/Archives/edgar/data/1409916/000106299316008351/form10k.htm","Printed p.48; statements in thousands; Liabilities","","","<archived-record-root>/...","1b49688629b255870567e9cda63e8db162a8fea12b57fbc0cfa9fb2c54a8ac16","<working-tree-root>/...","Previously verified 11 components; manuscript/extraction_audit.md source table. NetIncomeLoss and StockholdersEquity use parent-attributable amounts.","scale_supported_display_only_not_originalXBRL_certified","purposive_extreme_prior_confirmed"
"E01","0001409916","0001062993-16-008351","StockholdersEquity","","2015-12-31","USD","126336.0","126336000.0","126,336","thousands","https://www.sec.gov/Archives/edgar/data/1409916/000106299316008351/form10k.htm","Printed p.48; statements in thousands; StockholdersEquity","","","<archived-record-root>/...","1b49688629b255870567e9cda63e8db162a8fea12b57fbc0cfa9fb2c54a8ac16","<working-tree-root>/...","Previously verified 11 components; manuscript/extraction_audit.md source table. NetIncomeLoss and StockholdersEquity use parent-attributable amounts.","scale_supported_display_only_not_originalXBRL_certified","purposive_extreme_prior_confirmed"
"E01","0001409916","0001062993-16-008351","CashAndCashEquivalentsAtCarryingValue","","2015-12-31","USD","15666.0","15666000.0","15,666","thousands","https://www.sec.gov/Archives/edgar/data/1409916/000106299316008351/form10k.htm","Printed p.48; statements in thousands; CashAndCashEquivalentsAtCarryingValue","","","<archived-record-root>/...","1b49688629b255870567e9cda63e8db162a8fea12b57fbc0cfa9fb2c54a8ac16","<working-tree-root>/...","Previously verified 11 components; manuscript/extraction_audit.md source table. NetIncomeLoss and StockholdersEquity use parent-attributable amounts.","scale_supported_display_only_not_originalXBRL_certified","purposive_extreme_prior_confirmed"
"E01","0001409916","0001062993-16-008351","AssetsCurrent","","2015-12-31","USD","115517.0","115517000.0","115,517","thousands","https://www.sec.gov/Archives/edgar/data/1409916/000106299316008351/form10k.htm","Printed p.48; statements in thousands; AssetsCurrent","","","<archived-record-root>/...","1b49688629b255870567e9cda63e8db162a8fea12b57fbc0cfa9fb2c54a8ac16","<working-tree-root>/...","Previously verified 11 components; manuscript/extraction_audit.md source table. NetIncomeLoss and StockholdersEquity use parent-attributable amounts.","scale_supported_display_only_not_originalXBRL_certified","purposive_extreme_prior_confirmed"
"E01","0001409916","0001062993-16-008351","LiabilitiesCurrent","","2015-12-31","USD","51822.0","51822000.0","51,822","thousands","https://www.sec.gov/Archives/edgar/data/1409916/000106299316008351/form10k.htm","Printed p.48; statements in thousands; LiabilitiesCurrent","","","<archived-record-root>/...","1b49688629b255870567e9cda63e8db162a8fea12b57fbc0cfa9fb2c54a8ac16","<working-tree-root>/...","Previously verified 11 components; manuscript/extraction_audit.md source table. NetIncomeLoss and StockholdersEquity use parent-attributable amounts.","scale_supported_display_only_not_originalXBRL_certified","purposive_extreme_prior_confirmed"
"E01","0001409916","0001062993-16-008351","NetIncomeLoss","2015-01-01","2015-12-31","USD","50840.0","50840000.0","50,840","thousands","https://www.sec.gov/Archives/edgar/data/1409916/000106299316008351/form10k.htm","Printed p.49; statements in thousands; NetIncomeLoss","","","<archived-record-root>/...","1b49688629b255870567e9cda63e8db162a8fea12b57fbc0cfa9fb2c54a8ac16","<working-tree-root>/...","Previously verified 11 components; manuscript/extraction_audit.md source table. NetIncomeLoss and StockholdersEquity use parent-attributable amounts.","scale_supported_display_only_not_originalXBRL_certified","purposive_extreme_prior_confirmed"
"E01","0001409916","0001062993-16-008351","Revenues","2015-01-01","2015-12-31","USD","229216.0","229216000.0","229,216","thousands","https://www.sec.gov/Archives/edgar/data/1409916/000106299316008351/form10k.htm","Printed p.49; statements in thousands; Revenues","","","<archived-record-root>/...","1b49688629b255870567e9cda63e8db162a8fea12b57fbc0cfa9fb2c54a8ac16","<working-tree-root>/...","Previously verified 11 components; manuscript/extraction_audit.md source table. NetIncomeLoss and StockholdersEquity use parent-attributable amounts.","scale_supported_display_only_not_originalXBRL_certified","purposive_extreme_prior_confirmed"
"E01","0001409916","0001062993-16-008351","OperatingIncomeLoss","2015-01-01","2015-12-31","USD","31650.0","31650000.0","31,650","thousands","https://www.sec.gov/Archives/edgar/data/1409916/000106299316008351/form10k.htm","Printed p.49; statements in thousands; OperatingIncomeLoss","","","<archived-record-root>/...","1b49688629b255870567e9cda63e8db162a8fea12b57fbc0cfa9fb2c54a8ac16","<working-tree-root>/...","Previously verified 11 components; manuscript/extraction_audit.md source table. NetIncomeLoss and StockholdersEquity use parent-attributable amounts.","scale_supported_display_only_not_originalXBRL_certified","purposive_extreme_prior_confirmed"
"E01","0001409916","0001062993-16-008351","NetCashProvidedByUsedInOperatingActivities","2015-01-01","2015-12-31","USD","6715.0","6715000.0","6,715","thousands","https://www.sec.gov/Archives/edgar/data/1409916/000106299316008351/form10k.htm","Printed p.51; statements in thousands; NetCashProvidedByUsedInOperatingActivities","","","<archived-record-root>/...","1b49688629b255870567e9cda63e8db162a8fea12b57fbc0cfa9fb2c54a8ac16","<working-tree-root>/...","Previously verified 11 components; manuscript/extraction_audit.md source table. NetIncomeLoss and StockholdersEquity use parent-attributable amounts.","scale_supported_display_only_not_originalXBRL_certified","purposive_extreme_prior_confirmed"
"E01","0001409916","0001062993-16-008351","RetainedEarningsAccumulatedDeficit","","2015-12-31","USD","-85491.0","-85491000.0","-85,491","thousands","https://www.sec.gov/Archives/edgar/data/1409916/000106299316008351/form10k.htm","Printed p.48; statements in thousands; RetainedEarningsAccumulatedDeficit","","","<archived-record-root>/...","1b49688629b255870567e9cda63e8db162a8fea12b57fbc0cfa9fb2c54a8ac16","<working-tree-root>/...","Previously verified 11 components; manuscript/extraction_audit.md source table. NetIncomeLoss and StockholdersEquity use parent-attributable amounts.","scale_supported_display_only_not_originalXBRL_certified","purposive_extreme_prior_confirmed"
"E01_extension_FY2014","0001409916","0001062993-16-008351","Assets","","2014-12-31","USD","105332.0","105332000.0","105,332","thousands","https://www.sec.gov/Archives/edgar/data/1409916/000106299316008351/form10k.htm","Printed p.48; statements in thousands; Assets; FY2014 comparative column","","194972","<archived-record-root>/...","1b49688629b255870567e9cda63e8db162a8fea12b57fbc0cfa9fb2c54a8ac16","<working-tree-root>/...","| Total Assets | $ | 242,027 | | $ | 105,332 | |","scale_supported_display_only_not_originalXBRL_certified","purposive_followup_same_source"
"E01_extension_FY2014","0001409916","0001062993-16-008351","Liabilities","","2014-12-31","USD","48663.0","48663000.0","48,663","thousands","https://www.sec.gov/Archives/edgar/data/1409916/000106299316008351/form10k.htm","Printed p.48; statements in thousands; Liabilities; FY2014 comparative column","","195965","<archived-record-root>/...","1b49688629b255870567e9cda63e8db162a8fea12b57fbc0cfa9fb2c54a8ac16","<working-tree-root>/...","| Total liabilities | | 95,950 | | | 48,663 | |","scale_supported_display_only_not_originalXBRL_certified","purposive_followup_same_source"
"E01_extension_FY2014","0001409916","0001062993-16-008351","StockholdersEquity","","2014-12-31","USD","39669.0","39669000.0","39,669","thousands","https://www.sec.gov/Archives/edgar/data/1409916/000106299316008351/form10k.htm","Printed p.48; statements in thousands; StockholdersEquity; FY2014 comparative column","","196449","<archived-record-root>/...","1b49688629b255870567e9cda63e8db162a8fea12b57fbc0cfa9fb2c54a8ac16","<working-tree-root>/...","| Total shareholders equity attributable to Nobilis Health Corp. | | 126,336 | | | 39,669 | |","scale_supported_display_only_not_originalXBRL_certified","purposive_followup_same_source"
"E01_extension_FY2014","0001409916","0001062993-16-008351","CashAndCashEquivalentsAtCarryingValue","","2014-12-31","USD","7568.0","7568000.0","7,568","thousands","https://www.sec.gov/Archives/edgar/data/1409916/000106299316008351/form10k.htm","Printed p.48; statements in thousands; CashAndCashEquivalentsAtCarryingValue; FY2014 comparative column","","194462","<archived-record-root>/...","1b49688629b255870567e9cda63e8db162a8fea12b57fbc0cfa9fb2c54a8ac16","<working-tree-root>/...","| Cash | $ | 15,666 | | $ | 7,568 | |","scale_supported_display_only_not_originalXBRL_certified","purposive_followup_same_source"
"E01_extension_FY2014","0001409916","0001062993-16-008351","AssetsCurrent","","2014-12-31","USD","52995.0","52995000.0","52,995","thousands","https://www.sec.gov/Archives/edgar/data/1409916/000106299316008351/form10k.htm","Printed p.48; statements in thousands; AssetsCurrent; FY2014 comparative column","","194676","<archived-record-root>/...","1b49688629b255870567e9cda63e8db162a8fea12b57fbc0cfa9fb2c54a8ac16","<working-tree-root>/...","| Total current assets | | 115,517 | | | 52,995 | |","scale_supported_display_only_not_originalXBRL_certified","purposive_followup_same_source"
"E01_extension_FY2014","0001409916","0001062993-16-008351","LiabilitiesCurrent","","2014-12-31","USD","30643.0","30643000.0","30,643","thousands","https://www.sec.gov/Archives/edgar/data/1409916/000106299316008351/form10k.htm","Printed p.48; statements in thousands; LiabilitiesCurrent; FY2014 comparative column","","195570","<archived-record-root>/...","1b49688629b255870567e9cda63e8db162a8fea12b57fbc0cfa9fb2c54a8ac16","<working-tree-root>/...","| Total current liabilities | | 51,822 | | | 30,643 | |","scale_supported_display_only_not_originalXBRL_certified","purposive_followup_same_source"
"E01_extension_FY2014","0001409916","0001062993-16-008351","NetIncomeLoss","2014-01-01","2014-12-31","USD","2893.0","2893000.0","2,893","thousands","https://www.sec.gov/Archives/edgar/data/1409916/000106299316008351/form10k.htm","Printed p.49; statements in thousands; NetIncomeLoss; FY2014 comparative column","","198563","<archived-record-root>/...","1b49688629b255870567e9cda63e8db162a8fea12b57fbc0cfa9fb2c54a8ac16","<working-tree-root>/...","| Net income attributable to Nobilis Health Corp. | $ | 50,840 | | $ | 2,893 |","scale_supported_display_only_not_originalXBRL_certified","purposive_followup_same_source"
"E01_extension_FY2014","0001409916","0001062993-16-008351","Revenues","2014-01-01","2014-12-31","USD","84029.0","84029000.0","84,029","thousands","https://www.sec.gov/Archives/edgar/data/1409916/000106299316008351/form10k.htm","Printed p.49; statements in thousands; Revenues; FY2014 comparative column","","197261","<archived-record-root>/...","1b49688629b255870567e9cda63e8db162a8fea12b57fbc0cfa9fb2c54a8ac16","<working-tree-root>/...","| Total revenue | | 229,216 | | | 84,029 |","scale_supported_display_only_not_originalXBRL_certified","purposive_followup_same_source"
"E01_extension_FY2014","0001409916","0001062993-16-008351","OperatingIncomeLoss","2014-01-01","2014-12-31","USD","20491.0","20491000.0","20,491","thousands","https://www.sec.gov/Archives/edgar/data/1409916/000106299316008351/form10k.htm","Printed p.49; statements in thousands; OperatingIncomeLoss; FY2014 comparative column","","197897","<archived-record-root>/...","1b49688629b255870567e9cda63e8db162a8fea12b57fbc0cfa9fb2c54a8ac16","<working-tree-root>/...","| Income from operations | | 31,650 | | | 20,491 |","scale_supported_display_only_not_originalXBRL_certified","purposive_followup_same_source"
"E01_extension_FY2014","0001409916","0001062993-16-008351","NetCashProvidedByUsedInOperatingActivities","2014-01-01","2014-12-31","USD","3998.0","3998000.0","3,998","thousands","https://www.sec.gov/Archives/edgar/data/1409916/000106299316008351/form10k.htm","Printed p.51; statements in thousands; NetCashProvidedByUsedInOperatingActivities; FY2014 comparative column","","204008","<archived-record-root>/...","1b49688629b255870567e9cda63e8db162a8fea12b57fbc0cfa9fb2c54a8ac16","<working-tree-root>/...","| Net cash provided by operating activities | | 6,715 | | | 3,998 | |","scale_supported_display_only_not_originalXBRL_certified","purposive_followup_same_source"
"E01_extension_FY2014","0001409916","0001062993-16-008351","RetainedEarningsAccumulatedDeficit","","2014-12-31","USD","-136687.0","-136687000.0","-136,687","thousands","https://www.sec.gov/Archives/edgar/data/1409916/000106299316008351/form10k.htm","Printed p.48; statements in thousands; RetainedEarningsAccumulatedDeficit; FY2014 comparative column","","196392","<archived-record-root>/...","1b49688629b255870567e9cda63e8db162a8fea12b57fbc0cfa9fb2c54a8ac16","<working-tree-root>/...","| Accumulated deficit | | (85,491 | ) | | (136,687 | ) |","scale_supported_display_only_not_originalXBRL_certified","purposive_followup_same_source"
